file	fac1	fac2	fac3
t000003	1	3	1
t000004	2	1	1
t000005	0	0	0
t000006	0	1	0
t000011	2	4	0
t000015	3	1	3
t000018	1	0	0
t000027	1	2	2
t000031	1	1	0
t000037	0	1	1
t000050	-1	3	3
t000053	1	0	2
t000065	0	2	2
t000067	0	0	2
t000070	2	0	0
t000071	3	1	0
t000074	0	2	2
t000081	2	2	0
t000083	1	1	1
t000086	1	0	2
t000087	1	0	2
t000096	3	3	2
t000099	1	1	2
t000103	0	2	0
t000105	0	0	0
t000110	1	0	0
t000114	2	1	2
t000117	1	1	1
t000118	0	5	0
t000123	1	1	1
t000124	2	2	0
t000126	1	2	0
t000139	0	1	1
t000143	0	1	1
t000153	0	2	0
t000156	1	2	1
t000157	2	1	1
t000160	2	1	1
t000178	1	2	2
t000181	0	0	0
t000189	2	0	0
t000192	1	1	1
t000195	0	4	0
t000216	1	1	0
t000220	2	1	1
t000224	0	1	1
t000226	0	1	1
t000242	1	4	0
t000243	1	2	1
t000244	3	3	0
t000245	3	1	2
t000251	0	2	0
t000257	1	2	2
t000266	0	0	0
t000271	1	0	1
t000272	3	0	0
t000278	0	-1	2
t000287	2	3	0
t000288	2	1	1
t000292	4	0	0
t000295	4	1	0
t000296	0	3	0
t000299	3	3	0
t000303	3	1	0
t000304	0	3	2
t000308	2	1	0
t000320	1	0	0
t000322	2	2	0
t000325	1	0	-1
t000327	0	2	1
t000329	0	0	0
t000330	2	4	0
t000332	0	0	0
t000335	0	2	0
t000336	0	1	0
t000337	0	1	0
t000343	0	3	0
t000346	0	1	0
t000347	0	1	0
t000351	0	1	1
t000353	0	0	0
t000355	0	1	0
t000358	0	1	0
t000365	0	1	0
t000370	4	2	0
t000375	0	5	0
t000377	1	5	1
t000379	0	1	1
t000383	1	4	0
t000386	0	3	1
t000387	0	3	0
t000388	0	1	0
t000389	1	0	0
t000394	2	2	0
t000396	0	1	0
t000397	0	0	0
t000398	0	1	0
t000401	1	2	0
t000402	0	1	0
t000412	-1	0	0
t000413	2	1	0
t000419	1	0	0
t000420	0	1	-1
t000422	1	0	0
t000424	1	0	0
t000426	1	1	1
t000427	0	0	0
t000429	1	2	-1
t000432	0	0	1
t000433	0	1	1
t000434	2	1	1
t000435	5	0	1
t000438	1	1	1
t000439	0	0	0
t000441	0	4	0
t000445	1	2	0
t000446	0	0	0
t000448	0	2	0
t000449	0	0	0
t000450	0	2	0
t000452	1	4	0
t000455	0	1	1
t000457	2	2	0
t000462	0	1	0
t000465	0	1	0
t000469	0	0	1
t000470	1	6	1
t000471	0	2	0
t000473	0	0	0
t000475	2	2	3
t000476	0	0	0
t000477	0	2	0
t000479	1	2	0
t000480	0	0	1
t000481	0	1	0
t000484	0	1	1
t000485	0	4	0
t000486	2	1	0
t000487	1	4	1
t000489	0	1	0
t000490	0	1	0
t000491	1	1	1
t000492	2	5	0
t000495	0	0	0
t000496	1	0	0
t000497	2	1	0
t000498	2	2	0
t000499	2	2	3
t000500	0	1	0
t000501	1	0	0
t000502	0	3	0
t000503	2	1	0
t000504	1	5	0
t000505	0	3	1
t000506	0	1	0
t000507	1	3	1
t000508	1	2	2
t000510	0	1	0
t000511	0	1	1
t000512	0	1	1
t000513	1	0	0
t000516	0	1	0
t000519	2	4	2
t000521	0	3	0
t000522	1	0	0
t000524	0	1	0
t000526	1	5	0
t000529	0	1	0
t000534	1	0	0
t000535	1	1	0
t000536	0	0	0
t000537	0	0	0
t000538	0	2	0
t000539	2	4	0
t000540	2	2	0
t000541	-1	2	0
t000542	0	1	1
t000544	1	1	1
t000550	0	2	0
t000553	0	1	0
t000555	1	1	2
t000556	0	2	1
t000557	0	3	1
t000559	1	0	3
t000561	1	2	1
t000562	0	1	0
t000564	0	0	0
t000565	0	2	-1
t000567	-1	1	0
t000568	1	6	0
t000569	1	1	0
t000570	2	1	2
t000571	0	0	1
t000572	0	0	0
t000574	0	0	0
t000575	0	1	0
t000577	1	0	1
t000578	1	0	0
t000582	0	4	1
t000584	2	1	0
t000585	3	1	0
t000588	0	0	0
t000590	0	2	0
t000591	1	1	0
t000592	0	3	0
t000595	0	0	0
t000596	0	3	0
t000598	0	2	1
t000600	-1	0	0
t000603	2	0	1
t000604	0	0	0
t000605	1	2	0
t000606	1	2	0
t000607	1	0	0
t000608	0	5	1
t000611	1	0	0
t000612	-1	0	1
t000614	1	0	0
t000615	0	1	0
t000616	0	3	1
t000617	0	1	0
t000618	1	1	1
t000619	1	1	0
t000620	1	1	0
t000621	1	0	0
t000622	1	0	0
t000623	1	1	0
t000624	2	1	0
t000625	0	0	0
t000626	0	0	0
t000628	1	0	0
t000629	1	0	1
t000631	1	0	0
t000632	0	0	0
t000633	1	1	0
t000637	3	2	0
t000638	1	1	1
t000639	2	0	0
t000640	0	2	1
t000642	1	1	0
t000643	1	0	0
t000644	1	0	0
t000647	1	0	0
t000649	1	3	1
t000650	1	0	0
t000651	1	0	0
t000652	0	0	0
t000653	0	2	1
t000654	1	0	0
t000656	1	2	0
t000658	0	2	0
t000659	2	1	2
t000660	1	3	0
t000666	1	1	0
t000667	0	0	0
t000668	1	2	1
t000669	0	4	0
t000676	3	2	0
t000679	1	0	0
t000680	0	2	2
t000681	-1	1	0
t000682	0	-1	2
t000683	1	0	1
t000689	1	1	1
t000690	0	0	0
t000692	0	0	0
t000694	1	1	0
t000695	-6	1	1
t000696	0	1	3
t000698	0	4	0
t000701	0	1	1
t000702	0	2	4
t000703	0	0	0
t000708	1	0	0
t000710	1	2	3
t000711	0	0	2
t000712	1	2	0
t000718	0	0	0
t000721	0	0	0
t000723	1	3	0
t000724	1	1	0
t000725	1	0	0
t000726	2	2	1
t000727	2	2	2
t000728	-3	1	1
t000729	-6	1	1
t000731	2	2	0
t000733	0	0	1
t000737	-3	1	1
t000738	-6	1	1
t000739	0	2	0
t000740	0	2	0
t000741	1	0	0
t000742	-3	1	1
t000743	-6	1	1
t000745	-3	1	1
t000747	0	0	4
t000751	0	1	1
t000752	0	0	2
t000755	1	1	0
t000756	1	1	0
t000757	0	1	0
t000762	-3	1	1
t000763	-6	1	1
t000764	-3	1	1
t000765	-6	1	1
t000766	1	0	0
t000767	3	2	1
t000768	0	0	2
t000769	-1	1	2
t000770	1	4	1
t000771	0	0	2
t000772	0	2	0
t000773	1	0	0
t000774	1	0	0
t000776	0	2	0
t000779	0	2	1
t000780	1	4	0
t000781	0	1	1
t000782	2	4	2
t000784	0	2	1
t000785	0	2	5
t000790	1	2	0
t000791	-1	1	2
t000792	1	3	0
t000794	1	2	0
t000797	0	5	0
t000798	0	5	1
t000799	0	2	2
t000801	1	0	0
t000802	-1	1	2
t000803	0	2	0
t000804	0	4	1
t000805	0	2	0
t000806	0	0	0
t000808	0	0	1
t000810	1	0	0
t000812	0	3	0
t000813	0	2	0
t000814	1	3	2
t000817	1	1	0
t000820	0	2	1
t000821	3	3	2
t000823	1	3	2
t000825	-1	1	2
t000826	0	0	0
t000829	0	2	0
t000830	0	4	1
t000836	1	3	2
t000837	0	1	2
t000839	1	0	2
t000841	2	4	2
t000844	0	1	1
t000848	0	0	2
t000849	-1	1	2
t000853	2	2	0
t000855	0	4	2
t000861	3	4	0
t000862	0	0	0
t000865	0	3	1
t000866	0	3	0
t000867	0	0	2
t000868	-1	1	2
t000869	2	4	2
t000870	0	1	1
t000871	2	4	2
t000872	2	4	2
t000873	2	4	2
t000874	2	4	2
t000875	-1	1	2
t000876	2	4	2
t000877	-1	1	2
t000878	2	4	2
t000879	1	1	4
t000881	-1	1	2
t000882	0	1	0
t000883	2	4	2
t000884	2	4	2
t000885	-1	1	2
t000886	2	4	2
t000887	-1	1	2
t000888	2	4	2
t000889	-1	1	2
t000890	-1	1	2
t000891	0	1	0
t000892	2	4	2
t000893	2	4	2
t000894	2	4	2
t000896	2	4	2
t000898	0	1	2
t000899	2	4	2
t000902	2	4	2
t000905	2	4	2
t000906	2	4	2
t000907	-1	1	2
t000908	-1	1	2
t000909	2	4	2
t000911	2	4	2
t000912	-1	1	2
t000913	-1	1	0
t000914	2	4	2
t000916	0	0	2
t000918	1	4	0
t000919	0	1	0
t000922	-1	1	2
t000924	0	0	2
t000925	0	3	0
t000926	-1	5	0
t000927	-1	1	2
t000928	-1	1	2
t000929	-1	1	2
t000930	-1	1	2
t000932	-1	1	2
t000934	1	1	2
t000936	2	1	0
t000939	0	4	2
t000943	0	4	2
t000944	0	2	0
t000946	0	3	0
t000948	0	2	0
t000949	1	0	0
t000950	0	2	1
t000951	1	0	0
t000952	1	1	0
t000953	3	1	0
t000954	3	1	0
t000955	0	0	0
t000959	0	1	0
t000961	2	1	2
t000962	0	0	1
t000963	-1	0	1
t000965	0	2	0
t000969	0	1	1
t000970	0	1	0
t000971	2	0	0
t000972	2	0	0
t000973	1	0	0
t000974	1	0	0
t000976	0	1	0
t000980	1	1	1
t000981	1	2	2
t000982	1	4	0
t000985	-1	3	0
t000987	0	1	-1
t000991	1	1	0
t000993	0	2	0
t000994	2	2	-1
t000996	0	3	0
t001001	0	0	0
t001002	0	3	0
t001006	0	0	0
t001009	0	2	0
t001010	0	0	0
t001011	-1	3	1
t001012	-1	5	2
t001013	1	2	0
t001017	0	2	1
t001018	0	3	-2
t001023	0	2	0
t001025	2	0	0
t001028	0	1	0
t001029	2	0	0
t001030	0	1	2
t001031	1	0	0
t001036	4	2	0
t001037	1	3	0
t001038	1	3	0
t001042	0	0	0
t001044	0	3	3
t001045	1	1	-1
t001050	0	2	1
t001051	0	1	-2
t001055	1	2	0
t001066	3	4	0
t001067	-1	2	0
t001073	2	5	4
t001075	0	7	1
t001079	-1	3	0
t001081	1	0	0
t001083	2	2	1
t001084	3	0	0
t001086	1	1	0
t001087	0	3	0
t001090	0	2	0
t001091	0	2	0
t001093	-1	2	0
t001094	2	1	0
t001096	0	2	0
t001098	0	2	0
t001099	0	2	0
t001100	0	1	1
t001101	0	2	0
t001103	0	3	1
t001107	0	1	0
t001108	0	0	0
t001109	0	3	0
t001110	0	0	2
t001111	0	0	2
t001113	0	4	1
t001114	0	1	0
t001117	0	5	1
t001119	0	2	1
t001121	-2	1	3
t001123	0	1	0
t001124	0	1	1
t001125	0	0	0
t001127	1	-1	1
t001129	1	3	0
t001131	1	3	1
t001132	1	-1	1
t001134	1	0	1
t001136	1	3	0
t001137	1	-1	1
t001139	-6	1	1
t001140	0	0	2
t001144	1	0	0
t001145	2	3	1
t001146	3	6	1
t001148	0	1	0
t001150	1	0	5
t001151	0	1	1
t001152	0	1	1
t001153	-1	0	1
t001155	0	4	0
t001156	0	0	2
t001158	2	2	1
t001159	-1	6	0
t001161	2	5	-1
t001163	0	2	1
t001164	-1	0	4
t001165	3	7	-1
t001166	0	3	0
t001167	0	3	0
t001169	0	2	0
t001170	0	2	0
t001171	1	-1	0
t001173	1	-1	1
t001174	0	2	1
t001175	0	2	1
t001179	0	1	0
t001180	0	1	0
t001181	0	2	1
t001182	0	0	-1
t001183	0	8	1
t001187	0	0	0
t001188	0	1	0
t001189	0	2	1
t001190	2	3	2
t001193	0	0	1
t001198	0	5	1
t001199	1	-1	1
t001201	1	1	0
t001202	1	1	0
t001206	2	3	1
t001208	1	2	2
t001212	1	0	0
t001214	1	1	0
t001218	1	0	0
t001222	0	0	0
t001223	1	0	0
t001226	1	0	0
t001227	1	1	1
t001228	1	2	0
t001229	0	0	2
t001236	1	1	0
t001237	0	1	0
t001239	0	1	1
t001241	0	1	0
t001242	0	1	0
t001243	0	2	1
t001245	0	1	1
t001246	0	3	0
t001247	1	3	0
t001249	0	4	0
t001251	0	0	0
t001256	0	2	0
t001258	-1	0	2
t001262	1	1	1
t001272	1	1	0
t001275	0	0	1
t001276	0	2	0
t001277	0	6	-1
t001279	0	2	0
t001280	0	0	0
t001285	1	0	0
t001286	1	0	0
t001288	3	2	1
t001295	0	2	0
t001296	1	0	0
t001299	2	0	2
t001300	1	0	0
t001301	1	2	2
t001302	3	1	0
t001305	1	2	0
t001307	0	1	0
t001309	0	1	0
t001310	0	2	1
t001313	3	3	0
t001316	0	1	0
t001318	0	2	0
t001319	0	2	0
t001320	-1	2	0
t001321	2	5	1
t001322	0	2	0
t001325	0	1	0
t001326	0	3	0
t001332	0	1	0
t001334	4	4	1
t001335	0	3	1
t001336	0	5	0
t001340	2	1	0
t001344	0	3	0
t001346	2	4	-1
t001348	2	3	-1
t001351	0	1	0
t001354	0	4	0
t001356	-1	3	0
t001359	0	2	0
t001368	0	1	0
t001370	1	1	0
t001372	0	0	0
t001374	2	4	0
t001377	4	0	0
t001380	1	1	2
t001382	1	3	0
t001388	2	0	0
t001389	0	1	0
t001392	0	4	1
t001395	0	3	0
t001397	1	2	1
t001398	2	1	0
t001399	0	1	0
t001400	0	1	0
t001401	1	0	1
t001402	0	2	1
t001404	2	2	0
t001405	2	0	1
t001406	3	0	1
t001407	1	0	1
t001408	0	1	0
t001411	1	4	0
t001412	1	2	0
t001413	1	0	0
t001419	0	3	1
t001421	0	2	0
t001427	0	3	0
t001428	-1	2	0
t001429	1	2	0
t001430	0	1	0
t001431	0	3	0
t001432	0	4	0
t001435	3	2	-2
t001436	-1	1	1
t001437	-1	1	1
t001439	0	0	2
t001440	-1	1	2
t001442	2	1	1
t001444	0	4	2
t001445	1	0	1
t001447	0	1	0
t001448	3	4	0
t001450	1	0	0
t001451	2	0	1
t001452	2	1	0
t001456	0	5	5
t001460	1	2	1
t001462	1	3	0
t001463	0	0	0
t001465	1	3	2
t001468	0	2	2
t001470	0	0	1
t001472	1	0	0
t001481	1	2	1
t001487	1	1	0
t001489	1	0	0
t001491	0	3	1
t001492	1	0	0
t001493	2	0	0
t001495	0	2	0
t001496	3	0	0
t001502	3	0	0
t001503	4	2	4
t001508	1	0	0
t001509	1	3	0
t001513	2	2	1
t001515	0	0	0
t001523	0	0	1
t001524	0	4	1
t001525	1	1	0
t001526	0	0	0
t001529	0	0	0
t001530	1	0	0
t001534	0	1	0
t001547	0	1	2
t001548	0	1	2
t001549	0	0	0
t001551	3	0	0
t001552	1	1	0
t001553	0	2	0
t001554	2	4	0
t001555	2	2	0
t001556	0	2	0
t001560	2	1	0
t001561	1	2	1
t001566	1	0	1
t001571	0	2	0
t001574	0	1	1
t001579	0	3	0
t001580	1	5	1
t001584	2	1	1
t001587	0	1	0
t001591	1	2	1
t001592	1	3	1
t001593	0	2	0
t001595	1	5	0
t001596	0	2	2
t001597	1	0	0
t001600	0	0	0
t001602	0	2	0
t001605	0	0	0
t001609	1	1	0
t001617	2	1	1
t001619	0	1	0
t001620	0	1	0
t001630	1	1	0
t001632	0	1	4
t001640	-1	0	1
t001642	0	1	1
t001644	0	0	1
t001645	0	3	-1
t001651	0	0	1
t001658	0	4	0
t001661	1	2	0
t001664	0	2	1
t001666	1	2	1
t001683	1	3	0
t001700	2	0	0
t001701	0	0	0
t001702	0	1	0
t001713	1	1	0
t001719	-1	1	2
t001720	0	0	1
t001723	2	2	1
t001726	0	1	4
t001732	0	1	0
t001733	0	2	1
t001734	0	1	1
t001736	0	2	-2
t001737	0	1	1
t001741	5	1	0
t001745	0	1	0
t001747	3	3	2
t001760	0	2	0
t001762	1	1	0
t001767	1	0	0
t001768	0	2	0
t001770	1	4	1
t001773	3	4	2
t001774	0	5	1
t001775	0	1	2
t001778	0	0	-1
t001785	0	1	0
t001789	2	2	1
t001790	3	2	2
t001794	1	2	-1
t001796	1	5	3
t001798	0	2	2
t001799	1	1	2
t001800	0	2	0
t001801	0	5	2
t001805	0	1	1
t001806	0	1	0
t001814	1	0	0
t001817	1	4	1
t001823	0	0	1
t001833	0	0	2
t001850	0	2	2
t001852	0	2	1
t001853	1	1	2
t001856	0	3	1
t001869	0	0	2
t001870	1	0	0
t001871	-3	1	4
t001872	0	0	0
t001873	0	0	0
t001874	0	1	0
t001883	0	2	3
t001885	1	6	0
t001887	0	1	2
t001888	1	2	-1
t001895	0	1	0
t001897	0	0	2
t001898	1	2	3
t001899	2	4	2
t001900	5	0	0
t001901	3	2	2
t001913	0	1	2
t001915	0	0	1
t001916	0	1	3
t001917	0	0	0
t001936	0	2	0
t001937	0	1	3
t001940	0	0	0
t001941	1	3	1
t001942	0	3	0
t001945	1	0	0
t001954	0	2	0
t001970	2	2	1
t001983	4	1	0
t001989	-1	3	0
t002007	0	0	-2
t002009	0	0	0
t002013	1	0	1
t002014	1	3	0
t002015	0	1	0
t002017	1	3	2
t002033	-2	2	4
t002035	0	0	0
t002037	0	1	0
t002041	4	1	0
t002045	0	0	0
t002064	0	0	0
t002065	0	2	1
t002073	0	0	0
t002074	0	0	1
t002092	0	1	0
t002093	4	1	0
t002100	0	2	0
t002101	0	2	-1
t002106	0	2	0
t002112	1	1	0
t002120	0	5	1
t002140	2	6	0
t002144	0	0	0
t002156	0	0	0
t002160	0	1	3
t002162	-1	2	1
t002167	-1	2	0
t002168	0	1	0
t002180	1	0	0
t002189	0	2	1
t002190	0	0	0
t002199	5	0	-1
t002212	1	2	0
t002217	1	1	0
t002229	0	0	1
t002230	0	0	1
t002231	2	1	0
t002234	1	0	0
t002242	1	0	0
t002248	0	1	0
t002250	0	1	0
t002251	1	1	0
t002255	1	2	0
t002266	0	2	0
t002270	2	0	0
t002271	1	1	0
t002275	1	2	1
t002281	1	0	0
t002310	0	0	1
t002321	0	1	0
t002324	2	6	0
t002328	1	1	0
t002329	1	1	0
t002331	2	0	0
t002337	0	2	0
t002343	1	2	1
t002351	0	4	0
t002353	0	0	0
t002365	0	2	1
t002367	1	0	0
t002372	0	1	0
t002374	0	1	0
t002379	2	2	0
t002393	1	2	0
t002402	2	4	-2
t002405	2	1	0
t002406	5	0	0
t002407	1	1	0
t002409	-2	1	2
t002410	-2	1	2
t002412	1	0	1
t002413	5	1	0
t002419	4	3	0
t002421	1	3	1
t002422	0	0	0
t002423	1	0	0
t002424	1	1	0
t002425	0	0	1
t002426	0	2	0
t002427	0	2	0
t002429	0	0	1
t002430	3	3	0
t002433	0	0	0
t002437	0	2	1
t002442	-2	1	2
t002444	7	1	0
t002446	3	2	0
t002447	1	0	4
t002450	0	3	0
t002453	0	0	0
t002454	0	2	0
t002461	-2	1	2
t002462	0	3	0
t002467	2	1	3
t002472	0	0	0
t002473	0	0	1
t002479	3	0	0
t002483	2	1	0
t002489	0	0	0
t002491	0	0	0
t002492	1	1	2
t002497	5	0	1
t002499	0	1	0
t002500	3	3	0
t002507	1	3	1
t002514	0	-1	3
t002517	5	0	0
t002523	2	2	-1
t002527	2	0	0
t002536	0	2	0
t002537	2	1	1
t002539	1	1	0
t002544	0	0	0
t002545	0	0	0
t002547	2	3	-1
t002550	1	0	0
t002551	1	1	0
t002552	1	4	1
t002555	1	4	1
t002557	5	2	2
t002561	6	3	1
t002562	0	0	0
t002564	1	2	0
t002569	5	1	0
t002575	0	2	0
t002588	2	1	1
t002589	0	0	0
t002597	0	0	4
t002599	1	0	0
t002601	0	2	0
t002604	3	2	0
t002606	4	2	1
t002613	3	2	0
t002618	1	0	0
t002621	4	3	2
t002622	3	2	0
t002628	1	1	1
t002630	3	0	-1
t002631	0	2	2
t002634	1	0	0
t002635	1	1	0
t002636	1	5	0
t002637	-2	1	2
t002640	0	3	0
t002642	-2	1	2
t002646	1	1	-2
t002647	-1	2	2
t002650	3	1	0
t002652	1	1	0
t002660	0	0	-1
t002661	0	3	0
t002663	0	2	0
t002665	-2	1	2
t002671	0	1	0
t002672	0	1	0
t010015	1	0	1
t010016	0	0	0
t010017	0	1	1
t010018	0	0	0
t010021	1	0	0
t010022	0	5	1
t010024	1	0	0
t010031	0	4	0
t010032	-1	1	1
t010036	1	4	1
t010037	-2	0	0
t010043	1	3	-2
t010045	0	2	1
t010046	0	3	0
t010050	1	0	0
t010051	1	5	0
t010052	1	0	0
t010053	0	1	1
t010054	2	0	2
t010058	1	1	0
t010059	1	0	1
t010060	0	5	1
t010061	0	0	0
t010062	0	2	0
t010066	3	3	0
t010069	0	3	1
t010070	0	3	1
t010071	-1	1	1
t010072	1	2	1
t010074	0	3	1
t010075	0	1	0
t010076	2	1	1
t010078	2	1	0
t010079	0	2	0
t010080	0	3	0
t010083	0	3	1
t010092	3	0	2
t010094	1	1	0
t010095	0	1	0
t010097	0	0	0
t010098	2	1	0
t010099	2	2	-1
t010100	1	0	0
t010102	1	4	0
t010103	0	1	0
t010105	0	1	0
t010109	0	0	0
t010110	1	2	0
t010111	0	3	0
t010112	0	1	0
t010114	2	1	0
t010115	2	4	0
t010118	2	0	0
t010127	0	1	0
t010129	1	4	1
t010130	1	3	1
t010132	0	3	0
t010133	0	1	0
t010134	1	4	0
t010135	2	4	2
t010138	0	2	2
t010142	0	6	0
t010143	0	3	0
t010145	0	1	0
t010152	2	0	1
t010153	1	1	0
t010154	1	0	0
t010156	0	1	0
t010157	0	2	0
t010161	0	2	0
t010162	1	3	0
t010163	1	1	0
t010165	1	2	0
t010166	1	5	0
t010167	0	1	0
t010168	1	0	1
t010170	0	1	1
t010171	1	1	0
t010174	0	4	0
t010175	1	1	0
t010177	0	2	0
t010180	0	5	1
t010182	1	2	0
t010183	1	0	0
t010184	1	5	2
t010185	0	2	1
t010186	-1	3	3
t010187	0	4	1
t010188	0	1	0
t010189	1	1	3
t010191	2	3	0
t010193	1	2	2
t010194	1	3	0
t010196	3	2	3
t010197	0	3	0
t010199	1	2	0
t010200	1	1	0
t010201	3	0	0
t010202	1	5	0
t010204	0	2	1
t010205	2	4	1
t010206	1	3	0
t010208	2	1	0
t010210	1	2	2
t010211	1	1	2
t010214	2	1	0
t010215	2	1	0
t010216	2	3	2
t010217	0	0	0
t010218	3	2	-1
t010219	0	1	0
t010223	0	2	0
t010224	0	3	1
t010227	1	0	0
t010228	2	2	0
t010229	4	1	0
t010234	0	1	4
t010235	0	0	2
t010236	0	3	0
t010237	0	3	0
t010240	1	4	1
t010241	1	1	0
t010242	0	0	0
t010243	0	7	0
t010244	2	2	0
t010245	0	2	0
t010246	1	0	1
t010247	4	2	-1
t010248	-1	1	0
t010249	-1	1	1
t010250	0	3	1
t010252	1	0	0
t010253	0	3	-1
t010254	2	2	1
t010255	1	4	0
t010259	0	6	0
t010260	2	4	0
t010261	1	2	0
t010265	1	0	0
t010266	0	3	1
t010267	0	0	0
t010268	0	0	0
t010269	0	2	1
t010270	1	1	0
t010274	1	1	0
t010275	0	1	0
t010276	0	2	0
t010278	0	5	0
t010281	0	2	0
t010282	1	2	0
t010283	0	2	0
t010284	1	4	0
t010285	1	1	0
t010286	1	3	0
t010288	0	2	1
t010290	2	3	2
t010291	0	4	0
t010292	0	2	0
t010293	0	1	0
t010294	0	2	0
t010295	0	2	1
t010296	2	2	2
t010297	1	4	0
t010298	0	0	4
t010299	1	6	0
t010303	1	4	0
t010305	0	0	0
t010306	1	1	0
t010308	1	4	2
t010310	0	2	2
t010311	1	1	0
t010312	2	3	0
t010313	0	5	0
t010314	0	0	0
t010316	1	2	0
t010317	0	2	0
t010318	1	1	0
t010320	3	4	5
t010322	1	0	3
t010323	0	3	0
t010326	2	0	0
t010327	3	2	0
t010330	0	4	0
t010331	0	0	2
t010333	0	1	0
t010335	2	2	2
t010337	0	4	1
t010338	0	4	0
t010339	0	5	1
t010340	2	0	0
t010344	0	2	0
t010345	1	1	0
t010346	0	1	3
t010348	2	2	2
t010349	2	4	0
t010350	0	2	0
t010351	0	1	1
t010352	2	2	0
t010353	0	2	0
t010354	0	1	1
t010356	1	2	0
t010357	1	1	0
t010359	0	1	-1
t010360	0	2	0
t010362	2	4	1
t010363	1	0	0
t010364	0	3	0
t010365	0	4	0
t010366	2	1	0
t010367	0	3	0
t010370	1	0	0
t010372	0	4	-1
t010373	0	2	2
t010374	1	1	0
t010376	0	5	0
t010377	1	2	2
t010378	0	2	0
t010379	2	2	1
t010380	2	1	0
t010382	2	4	0
t010383	1	3	0
t010384	1	2	0
t010385	0	2	1
t010386	0	3	0
t010387	2	1	0
t010388	0	1	1
t010389	0	1	1
t010390	0	4	0
t010391	2	1	1
t010392	1	1	0
t010393	1	3	0
t010398	0	2	-1
t010399	0	4	0
t010401	1	3	0
t010403	0	1	1
t010405	1	0	1
t010406	1	2	0
t010408	0	1	0
t010409	0	0	0
t010410	0	2	1
t010411	1	2	0
t010413	0	2	0
t010414	2	2	1
t010415	1	5	0
t010417	1	0	3
t010418	0	2	0
t010419	0	3	0
t010420	1	2	1
t010421	-1	1	1
t010422	0	4	0
t010423	-1	0	2
t010424	0	2	0
t010425	0	2	1
t010426	1	0	1
t010430	1	0	0
t010433	0	7	0
t010434	0	0	1
t010435	0	1	1
t010436	2	2	0
t010438	0	1	0
t010439	0	2	0
t010441	0	3	2
t010442	1	2	3
t010449	1	1	1
t010450	0	0	1
t010452	0	2	0
t010453	1	2	1
t010455	2	2	1
t010456	0	4	0
t010457	0	4	0
t010458	1	2	0
t010459	-1	2	0
t010466	1	1	0
t010468	1	2	1
t010469	2	4	0
t010470	0	2	1
t010472	0	1	1
t010475	0	1	0
t010477	1	1	0
t010478	0	5	0
t010480	2	0	0
t010481	0	5	1
t010484	0	2	-1
t010485	2	4	0
t010486	2	1	0
t010487	1	0	0
t010488	1	0	0
t010489	1	2	0
t010490	0	5	0
t010492	0	1	1
t010493	0	3	0
t010494	0	2	0
t010495	1	0	0
t010496	0	1	0
t010497	4	6	0
t010499	1	0	2
t010501	0	6	0
t010502	0	2	0
t010503	3	5	0
t010504	1	5	0
t010505	2	4	1
t010506	1	4	0
t010507	1	4	0
t010511	0	2	0
t010513	2	1	4
t010516	3	1	0
t010520	0	1	0
t010521	1	1	0
t010522	0	4	0
t010523	0	3	-1
t010525	2	2	0
t010526	-1	3	0
t010527	0	5	0
t010528	0	1	0
t010529	0	0	0
t010531	1	1	0
t010533	0	1	0
t010534	0	1	1
t010535	1	1	1
t010540	1	1	0
t010542	1	5	0
t010544	1	6	0
t010548	0	1	0
t010550	0	2	1
t010551	0	2	0
t010552	1	3	-1
t010556	2	3	3
t010557	1	4	1
t010561	3	0	0
t010562	3	0	1
t010564	0	4	0
t010567	-1	5	1
t010569	1	5	1
t010572	-1	4	0
t010575	0	0	0
t010576	0	4	0
t010577	0	3	0
t010578	0	2	0
t010579	3	0	0
t010580	0	7	0
t010581	0	4	0
t010583	0	2	-2
t010584	-1	1	0
t010585	1	1	0
t010589	0	2	0
t010590	1	2	2
t010591	-1	0	1
t010592	0	2	2
t010593	1	4	-1
t010594	0	1	1
t010596	3	2	-2
t010597	0	1	1
t010599	1	1	2
t010600	1	2	1
t010601	0	3	5
t010602	-1	2	-1
t010603	0	2	1
t010604	1	1	0
t010606	-1	2	0
t010611	0	1	0
t010612	0	4	2
t010613	1	0	2
t010615	1	3	1
t010617	1	7	2
t010618	0	8	-1
t010619	0	3	1
t010621	1	2	0
t010622	0	4	0
t010623	0	4	1
t010624	0	4	1
t010626	2	4	0
t010628	-1	1	1
t010631	2	3	0
t010632	-1	3	2
t010633	0	2	0
t010635	0	6	1
t010636	0	1	0
t010637	-1	3	1
t010638	1	3	0
t010639	3	1	0
t010640	0	2	0
t010643	-1	2	0
t010644	0	3	0
t010647	1	2	0
t010648	-1	4	3
t010651	1	1	0
t010652	0	1	0
t010653	1	4	0
t010655	0	3	0
t010663	0	6	-1
t010664	1	1	0
t010665	0	1	1
t010667	0	2	0
t010669	0	2	6
t010670	0	1	2
t010671	2	1	0
t010672	5	1	2
t010674	0	1	0
t010675	0	5	1
t010676	0	2	1
t010678	0	2	0
t010679	2	2	0
t010680	1	2	0
t010682	0	3	0
t010683	0	2	0
t010684	0	2	1
t010686	-1	1	1
t010691	0	2	1
t010694	0	2	1
t010696	0	1	1
t010699	0	1	5
t010700	1	2	0
t010701	1	1	0
t010702	0	3	0
t010703	1	4	4
t010704	0	0	0
t010705	1	3	0
t010706	-1	2	5
t010708	0	1	0
t010709	3	2	0
t010710	1	4	0
t010711	3	1	0
t010712	4	0	0
t010713	1	1	0
t010714	2	3	0
t010715	0	4	0
t010716	0	2	-1
t010719	1	-1	0
t010721	2	0	0
t010722	1	-1	0
t010725	0	1	0
t010727	-2	1	0
t010729	0	5	1
t010731	2	1	0
t010732	3	0	0
t010733	0	1	0
t010734	0	1	0
t010736	0	1	0
t010737	1	5	0
t010739	1	2	0
t010740	0	2	1
t010741	0	0	0
t010742	0	1	0
t010743	1	1	0
t010744	-1	4	5
t010748	1	1	0
t010750	0	5	-1
t010751	0	6	1
t010753	0	1	0
t010754	-1	0	0
t010755	1	2	2
t010762	1	3	2
t010764	4	1	2
t010769	0	0	0
t010773	0	2	0
t010774	1	0	2
t010775	0	4	0
t010776	1	1	0
t010778	2	1	0
t010782	-1	3	-3
t010783	0	3	1
t010785	1	2	0
t010786	1	6	0
t010789	2	3	0
t010791	1	5	0
t010793	1	4	0
t010797	1	0	1
t010798	1	3	0
t010799	-1	3	1
t010800	2	2	0
t010805	1	1	7
t010807	0	0	2
t010808	-1	1	1
t010809	-2	1	1
t010811	0	3	0
t010814	0	6	0
t010816	0	2	0
t010818	0	4	0
t010820	0	2	0
t010821	-2	4	-2
t010823	0	4	0
t010824	0	2	0
t010825	1	2	0
t010828	0	3	0
t010830	3	2	0
t010831	2	3	1
t010834	0	5	0
t010835	0	0	1
t010836	-1	2	-2
t010837	1	1	0
t010838	1	1	1
t010839	0	3	0
t010840	-1	2	0
t010841	-1	4	1
t010842	0	6	0
t010843	1	5	-2
t010844	0	2	0
t010846	0	1	0
t010847	0	2	6
t010848	2	2	1
t010849	0	0	7
t010850	0	1	0
t010851	0	2	0
t010852	3	1	-1
t010853	2	3	0
t010854	1	3	2
t010856	1	2	0
t010857	1	1	0
t010858	0	1	0
t010859	1	3	0
t010860	1	0	6
t010863	1	4	0
t010864	1	1	0
t010865	0	7	0
t010866	1	2	0
t010867	0	1	0
t010868	1	0	0
t010869	0	5	2
t010870	1	0	1
t010873	-1	5	1
t010875	0	2	0
t010876	0	1	0
t010878	0	3	0
t010879	2	0	0
t010880	3	2	0
t010882	0	1	0
t010883	0	1	0
t010885	1	2	0
t010886	1	2	0
t010888	2	1	5
t010889	3	3	4
t010890	3	3	2
t010891	0	1	0
t010894	5	1	0
t010895	1	1	0
t010897	2	4	0
t010899	-1	0	0
t010900	3	0	4
t010901	0	1	1
t010902	1	0	0
t010904	-1	1	1
t010905	1	5	0
t010906	1	3	0
t010907	0	1	1
t010908	0	1	2
t010910	0	0	0
t010911	1	2	0
t010912	1	0	0
t010916	2	0	1
t010917	0	1	2
t010918	3	2	1
t010919	0	1	0
t010920	3	3	2
t010921	2	0	0
t010922	0	6	0
t010923	0	0	0
t010924	0	1	0
t010925	0	4	2
t010926	2	1	0
t010927	2	0	1
t010928	0	1	0
t010929	1	3	5
t010931	4	-1	5
t010932	3	0	2
t010933	1	-1	4
t010934	2	0	5
t010935	1	3	0
t010936	0	4	0
t010937	3	3	0
t010938	3	5	1
t010939	3	3	0
t010942	3	0	3
t010944	2	1	0
t010945	3	1	2
t010946	2	3	6
t010947	-2	0	0
t010948	0	0	0
t010949	0	3	4
t010951	1	1	0
t010953	-1	5	0
t010954	2	2	2
t010955	1	4	1
t010956	1	2	0
t010957	2	0	0
t010958	2	2	0
t010959	1	1	0
t010960	-1	0	2
t010962	1	4	0
t010963	1	1	0
t010967	1	1	0
t010968	0	2	0
t010970	0	4	1
t010971	1	2	2
t010972	3	1	1
t010973	0	8	1
t010974	0	2	0
t010975	0	1	0
t010976	-1	3	0
t010978	2	1	0
t010979	4	0	0
t010980	1	2	2
t010981	2	1	1
t010982	0	2	2
t010983	0	2	1
t010984	1	3	0
t010985	2	1	1
t010986	0	5	2
t010987	2	2	4
t010988	2	3	4
t010989	2	0	0
t010990	0	8	-1
t010991	0	5	0
t010992	0	0	0
t010993	0	0	-1
t010994	0	2	0
t010999	0	1	0
t011000	0	1	0
t011001	1	0	4
t011004	0	2	0
t011005	1	3	0
t011006	0	3	1
t011007	-1	0	0
t011008	0	3	-2
t011009	2	2	1
t011010	1	1	0
t011012	0	1	2
t011013	0	5	2
t011014	2	2	1
t011018	1	1	0
t011019	0	4	1
t011021	0	1	0
t011022	0	3	1
t011024	0	2	2
t011026	-1	1	1
t011028	2	0	0
t011029	0	4	1
t011032	1	3	1
t011033	3	1	0
t011034	-1	0	3
t011035	0	3	1
t011036	1	0	-2
t011037	3	1	1
t011038	0	3	1
t011039	1	3	1
t011041	3	3	0
t011042	-1	2	-2
t011043	-1	1	1
t011044	1	4	3
t011045	1	1	0
t011046	2	0	0
t011049	0	1	0
t011050	1	2	0
t011051	-1	1	-1
t011053	4	-1	2
t011054	0	1	2
t011055	0	2	0
t011057	2	-1	4
t011059	0	4	0
t011060	1	0	0
t011062	0	0	0
t011063	1	2	0
t011064	1	2	0
t011065	1	0	0
t011068	0	3	2
t011072	2	2	2
t011074	0	1	0
t011075	2	1	0
t011076	1	3	0
t011079	0	3	0
t011081	2	1	0
t011082	2	2	0
t011083	3	0	0
t011085	3	4	0
t011086	0	2	0
t011087	0	3	1
t011088	-1	4	1
t011090	2	1	4
t011094	2	0	2
t011095	1	2	1
t011096	3	3	4
t011097	7	1	0
t011098	0	1	1
t011099	0	3	1
t011100	1	2	1
t011105	3	0	0
t011108	0	4	3
t011109	0	4	0
t011110	1	2	1
t011111	1	1	0
t011112	2	2	0
t011113	1	1	0
t011114	0	2	1
t011115	0	4	2
t011116	0	2	1
t011117	3	4	0
t011118	0	2	1
t011119	0	3	0
t011120	-1	1	2
t011126	3	0	0
t011128	0	2	0
t011131	0	1	1
t011135	2	2	2
t011137	1	1	1
t011138	1	1	1
t011139	1	0	1
t011140	2	2	1
t011141	3	0	0
t011142	3	2	2
t011144	1	1	0
t011146	-1	3	0
t011147	0	1	1
t011148	0	5	0
t011149	-1	4	2
t011150	0	2	1
t011152	0	3	1
t011155	0	0	0
t011156	2	0	0
t011157	2	0	0
t011161	1	4	1
t011163	-1	1	2
t011164	4	4	1
t011171	0	3	0
t011172	0	2	0
t011174	1	3	1
t011176	0	3	2
t011178	0	1	1
t011179	0	3	1
t011180	2	1	1
t011181	0	2	0
t011182	-1	2	0
t011183	0	3	0
t011186	0	1	0
t011187	0	5	7
t011189	0	1	0
t011190	2	2	2
t011193	1	0	1
t011194	1	1	1
t011195	0	2	0
t011197	1	2	0
t011199	0	2	2
t011204	0	3	4
t011205	1	2	1
t011206	0	2	0
t011207	0	1	1
t011208	0	3	2
t011212	4	2	1
t011213	0	3	1
t011214	0	1	0
t011216	-2	1	0
t011217	0	2	0
t011218	-2	1	0
t011219	-1	1	0
t011220	2	0	1
t011222	1	0	0
t011224	0	1	0
t011225	0	2	0
t011230	-2	1	1
t011231	0	1	0
t011232	1	1	0
t011233	0	2	2
t011234	-1	5	4
t011235	0	3	0
t011236	0	2	1
t011237	3	0	0
t011239	0	1	0
t011240	0	2	0
t011243	1	5	2
t011244	1	0	1
t011248	0	3	0
t011249	0	1	1
t011250	0	1	1
t011251	2	0	0
t011252	3	0	0
t011253	2	3	2
t011257	1	4	1
t011258	0	1	0
t011262	2	2	1
t011264	1	0	0
t011265	1	0	0
t011267	3	1	0
t011268	-1	4	-2
t011269	2	-1	0
t011273	1	2	2
t011274	1	5	2
t011275	1	2	0
t011276	1	3	-2
t011279	0	2	0
t011280	1	2	0
t011281	0	4	1
t011282	-1	1	0
t011283	0	1	2
t011285	0	2	0
t011286	1	0	0
t011287	-1	3	1
t011288	0	6	0
t011289	2	2	0
t011290	2	2	0
t011291	1	1	2
t011293	0	0	2
t011300	1	3	0
t011302	-1	3	2
t011304	3	1	0
t011306	3	3	1
t011308	1	1	1
t011309	0	1	3
t011310	1	2	1
t011311	1	1	0
t011313	0	5	0
t011314	3	1	0
t011315	2	0	1
t011319	0	3	3
t011322	1	2	1
t011324	0	5	0
t011325	0	3	1
t011326	0	1	3
t011327	1	2	0
t011328	0	0	2
t011329	1	2	0
t011330	2	3	1
t011333	0	0	4
t011335	0	5	0
t011341	1	4	1
t011345	1	5	0
t011346	2	0	0
t011347	0	2	0
t011348	1	1	1
t011355	2	0	2
t011356	2	0	2
t011358	0	5	0
t011359	1	2	1
t011360	1	4	0
t011363	0	1	-2
t011366	-2	2	1
t011367	1	2	0
t011368	0	1	1
t011369	0	2	1
t011371	0	2	2
t011372	2	4	3
t011373	1	7	2
t011374	1	4	1
t011378	0	2	1
t011379	2	2	0
t011381	2	4	3
t011391	0	4	0
t011392	0	2	0
t011393	2	0	-1
t011394	3	2	1
t011395	4	2	2
t011396	3	0	0
t011397	1	1	1
t011399	0	4	0
t011400	3	1	1
t011401	1	1	0
t011402	1	4	2
t011403	0	1	1
t011404	1	0	0
t011405	1	2	1
t011406	0	2	0
t011407	0	0	0
t011408	0	4	4
t011409	0	4	1
t011410	0	4	2
t011417	3	0	0
t011418	3	0	0
t011419	3	0	0
t011423	0	1	0
t011425	3	1	-1
t011429	0	2	1
t011431	0	2	2
t011432	0	2	0
t011433	0	1	1
t011435	1	3	0
t011437	0	1	0
t011440	3	4	0
t011441	2	0	0
t011448	0	2	0
t011450	1	1	0
t011451	0	4	3
t011455	-1	1	2
t011456	2	4	5
t011458	2	3	0
t011459	2	2	0
t011461	1	4	0
t011463	-1	0	0
t011464	0	3	0
t011465	5	0	2
t011466	0	1	1
t011468	-1	1	3
t011472	2	3	2
t011473	1	3	0
t011474	1	1	1
t011476	4	1	0
t011477	3	0	-2
t011478	0	0	0
t011481	1	2	0
t011482	2	1	0
t011483	3	2	1
t011484	1	1	0
t011485	1	1	0
t011486	1	5	0
t011487	4	1	0
t011489	2	0	1
t011491	2	0	2
t011493	0	1	1
t011494	2	0	2
t011495	0	5	2
t011496	1	2	0
t011498	1	2	0
t011500	3	4	1
t011501	-1	3	2
t011502	-1	0	1
t011503	3	0	-1
t011505	0	4	0
t011507	1	0	1
t011508	0	4	4
t011510	1	0	0
t011511	0	0	0
t011512	2	1	2
t011513	0	1	0
t011514	0	3	0
t011516	2	1	1
t011518	1	2	3
t011520	1	2	0
t011522	0	2	0
t011523	0	1	-1
t011524	1	1	0
t011525	0	1	0
t011527	2	3	0
t011528	0	1	0
t011531	5	1	0
t011532	0	0	0
t011534	4	2	0
t011537	4	0	0
t011539	0	6	0
t011541	0	0	1
t011542	1	1	2
t011544	0	0	0
t011545	0	2	2
t011548	0	4	2
t011549	1	3	1
t011552	1	1	1
t011553	2	2	1
t011555	1	0	0
t011556	1	2	2
t011558	3	3	0
t011559	3	3	2
t011560	0	0	0
t011563	0	2	1
t011566	1	1	4
t011567	0	0	2
t011572	1	0	2
t011573	1	1	-2
t011575	0	3	0
t011576	0	0	1
t011578	0	1	0
t011580	0	4	1
t011581	0	4	1
t011584	0	5	0
t011589	0	1	0
t011594	2	0	0
t011595	1	2	0
t011601	2	0	1
t011603	0	2	2
t011604	2	0	0
t011606	0	1	0
t011610	1	1	0
t011614	0	3	1
t011618	1	1	0
t011622	0	1	0
t011623	3	1	0
t011624	1	0	0
t011626	0	1	0
t011629	2	1	1
t011631	1	3	0
t011633	4	2	0
t011634	1	3	0
t011635	2	3	1
t011636	0	1	0
t011637	1	1	1
t011639	0	0	0
t011640	2	1	1
t011641	0	0	0
t011643	0	0	0
t011644	1	2	1
t011646	1	5	1
t011647	0	4	3
t011649	3	2	-2
t011650	0	0	0
t011651	0	4	4
t011652	1	0	0
t011653	3	2	0
t011656	0	0	5
t011659	1	0	3
t011661	0	3	1
t011670	0	3	1
t011671	2	2	0
t011673	3	4	0
t011677	-1	2	-2
t011679	0	0	0
t011680	3	5	0
t011681	3	0	1
t011682	1	0	0
t011684	4	2	0
t011685	2	0	0
t011686	2	1	0
t011687	3	1	1
t011694	0	1	0
t011699	0	2	0
t011700	0	2	-1
t011701	0	2	0
t011702	0	2	-1
t011703	2	4	0
t011704	1	1	0
t011705	0	1	1
t011707	0	1	1
t011708	0	1	1
t011714	3	4	1
t011717	2	0	0
t011718	2	3	1
t011719	1	1	0
t011724	1	0	0
t011725	0	0	0
t011727	5	2	0
t011728	4	1	0
t011732	2	4	0
t011734	3	0	0
t011738	4	1	0
t011746	3	0	0
t011747	3	0	3
t011750	2	3	0
t011758	4	1	0
t011763	3	2	2
t011764	0	1	3
t011765	0	3	2
t011766	0	1	0
t011769	1	0	0
t011771	0	0	0
t011772	1	4	0
t011773	1	1	1
t011774	0	4	2
t011776	2	3	4
t011777	0	0	0
t011778	1	2	3
t011779	0	0	1
t011780	2	0	1
t011781	2	5	0
t011783	1	1	-3
t011784	2	2	0
t011789	0	4	4
t011790	1	8	2
t011793	0	0	0
t011794	1	0	5
t011795	0	1	0
t011797	1	2	0
t011798	1	3	1
t011799	0	1	1
t011800	3	1	0
t011801	4	1	0
t011805	-1	1	5
t011807	1	4	0
t011808	0	2	2
t011812	4	0	0
t011815	0	0	3
t011816	0	1	2
t011817	3	0	3
t011820	0	2	0
t011821	1	0	2
t011822	0	3	1
t011823	1	1	1
t011824	0	5	1
t011825	1	2	0
t011826	4	0	1
t011829	2	1	-1
t011830	2	1	-1
t011831	1	1	1
t011832	0	0	1
t011836	1	0	0
t011837	1	1	0
t011838	1	3	0
t011839	0	1	1
t011840	2	0	0
t011841	1	1	6
t011842	0	3	0
t011843	1	0	1
t011846	0	0	3
t011847	0	2	1
t011848	0	2	4
t011851	-1	3	0
t011852	0	1	1
t011853	2	4	1
t011854	1	3	0
t011855	2	1	2
t011858	3	1	1
t011859	1	0	1
t011860	2	2	0
t011862	0	2	2
t011863	6	1	0
t011864	2	0	2
t011865	1	2	0
t011867	2	1	2
t011868	2	0	1
t011874	0	3	3
t011875	-1	3	0
t011876	3	4	2
t011877	0	3	2
t011879	0	1	0
t011880	0	0	8
t011881	2	3	2
t011882	0	0	5
t011883	1	3	2
t011884	0	2	2
t011887	0	1	0
t011888	0	1	3
t011889	1	1	1
t011890	0	0	-1
t011892	0	1	6
t011893	0	1	8
t011894	0	2	4
t011899	0	2	4
t011903	0	1	1
t011904	0	4	4
t011905	1	1	1
t011906	0	0	2
t011907	0	3	1
t011908	0	1	1
t011915	2	2	1
t011916	1	4	-1
t011917	3	1	0
t011918	0	2	0
t011919	5	-1	1
t011922	0	3	5
t011923	1	5	1
t011932	0	2	0
t011934	0	1	1
t011937	0	0	3
t011942	1	6	4
t011944	1	1	1
t011947	1	3	2
t011951	4	0	1
t011953	0	1	2
t011957	0	2	1
t011959	-1	4	0
t011961	-1	1	2
t011962	0	1	0
t011963	3	1	1
t011964	0	1	3
t011965	0	2	0
t011966	-1	0	2
t011967	-1	4	0
t011969	4	2	0
t011970	4	1	-2
t011972	0	2	0
t011973	1	0	0
t011974	0	1	2
t011975	2	1	-1
t011978	0	4	1
t011979	0	1	6
t011980	0	2	6
t011981	1	7	2
t011983	0	0	0
t011984	0	0	0
t011985	2	0	0
t011987	3	0	1
t011988	1	1	0
t011990	0	1	1
t011992	1	2	0
t011993	1	4	1
t011995	0	3	4
t011998	1	2	1
t012002	1	1	3
t012004	0	1	1
t012005	1	7	1
t012011	2	2	0
t012015	0	0	1
t012020	1	0	5
t012031	-1	0	3
t012032	0	1	0
t012033	2	2	5
t012034	-1	5	2
t012037	0	2	-1
t012038	-2	1	5
t012039	1	0	1
t012041	1	0	6
t012044	0	1	5
t012045	1	2	2
t012046	0	2	0
t012047	1	0	3
t012048	1	3	0
t012049	1	3	0
t012050	0	0	2
t012056	0	0	0
t012057	0	3	1
t012058	2	1	1
t012059	0	2	2
t012060	1	5	0
t012061	0	1	1
t012065	0	1	0
t012066	0	3	0
t012067	1	0	-1
t012074	0	3	1
t012075	0	0	0
t012076	0	1	4
t012077	0	0	0
t012078	0	4	8
t012080	-1	2	1
t012082	4	1	0
t012083	0	0	2
t012084	0	2	1
t012085	1	1	0
t012086	0	0	0
t012087	0	4	0
t012088	-1	3	3
t012090	0	4	5
t012091	0	1	3
t012092	1	0	2
t012094	1	0	1
t012095	1	4	0
t012096	3	3	2
t012097	1	0	6
t012098	0	0	5
t012099	1	4	3
t012100	0	6	1
t012101	-3	0	6
t012106	2	1	1
t012108	0	1	0
t012115	3	2	5
t012130	2	2	0
t012135	0	1	0
t012137	1	3	5
t012140	2	1	2
t012141	1	2	2
t012143	0	1	1
t012144	1	1	2
t012147	0	1	1
t012148	1	2	1
t012149	0	3	2
t012150	-1	2	3
t012152	1	0	0
t012153	0	2	2
t012154	0	0	3
t012155	-1	3	2
t012156	1	2	1
t012157	1	1	1
t012159	1	2	0
t012160	2	2	1
t012166	1	3	0
t012168	1	2	1
t012169	2	4	2
t012171	4	2	5
t012172	3	0	1
t012173	3	2	3
t012176	3	7	0
t012177	1	0	4
t012179	2	1	0
t012180	1	2	5
t012181	0	1	6
t012182	4	2	3
t012183	1	2	1
t012185	2	0	2
t012186	3	2	7
t012187	0	0	4
t012188	3	0	0
t012191	2	3	1
t012192	0	1	1
t012194	1	4	2
t012195	4	0	0
t012198	1	2	2
t012201	1	1	2
t012202	1	2	3
t012204	3	1	-2
t012208	1	1	2
t012210	2	0	5
t012211	-1	2	1
t012212	1	10	2
t012214	0	1	3
t012215	2	2	2
t012216	1	4	0
t012218	0	1	3
t012219	2	0	4
t012220	0	7	2
t012221	2	6	0
t012222	1	3	0
t012224	3	1	2
t012225	1	1	1
t012226	-1	0	1
t012229	2	1	2
t012230	0	1	0
t012239	1	1	0
t012240	1	1	-2
t012241	2	1	2
t012246	3	0	-2
t012247	2	0	-2
t012248	1	6	0
t012249	2	1	0
t012250	1	3	0
t012251	1	3	-1
t012252	1	0	0
t012253	2	0	1
t012254	1	2	2
t012256	3	2	3
t012258	2	1	0
t012260	3	5	2
t012263	0	1	0
t012265	1	4	-3
t012267	1	2	0
t012268	1	4	-3
t012269	2	2	0
t012270	1	2	0
t012271	1	4	-3
t012272	2	2	0
t012273	1	2	0
t012275	2	2	0
t012279	0	1	1
t012280	0	0	1
t012283	-1	1	1
t012284	4	3	0
t012285	1	2	-1
t012286	0	1	5
t012288	2	2	0
t012291	2	-1	2
t012292	0	0	5
t012293	1	0	8
t012296	2	5	10
t012302	0	1	5
t012304	0	1	2
t012306	-1	4	1
t012308	1	1	1
t012312	0	2	1
t012313	1	0	0
t012314	1	0	0
t012317	1	1	0
t012318	0	3	0
t012319	1	1	4
t012322	0	3	1
t012323	0	1	1
t012324	4	3	1
t012325	0	1	2
t012326	1	2	6
t012327	0	2	2
t012328	1	1	0
t012332	1	3	1
t012334	3	2	0
t012340	0	0	0
t012341	0	0	0
t012342	0	0	0
t012344	2	2	1
t012345	0	0	0
t012346	0	0	2
t012348	2	1	0
t012349	0	0	6
t012350	0	0	1
t012351	1	1	2
t012353	1	0	0
t012354	2	1	2
t012356	0	0	5
t012357	1	1	0
t012359	0	1	5
t012360	0	3	7
t012361	1	0	0
t012362	0	1	4
t012364	1	0	0
t012365	0	2	2
t012366	1	0	1
t012368	3	0	1
t012371	3	1	0
t012372	0	3	0
t012374	1	1	1
t012376	0	0	1
t012378	0	0	0
t012379	0	2	0
t012380	-2	0	3
t012381	2	0	1
t012383	3	4	1
t012386	2	0	0
t012389	0	1	0
t012390	0	3	3
t012391	1	0	0
t012393	0	0	0
t012394	0	0	0
t012395	1	1	5
t012396	3	3	1
t012398	1	0	4
t012403	1	0	2
t012404	3	1	3
t012405	0	1	6
t012408	1	2	1
t012409	0	3	1
t012410	0	3	0
t012411	0	1	2
t012412	1	1	5
t012413	1	1	2
t012414	1	1	4
t012415	1	2	0
t012421	0	2	0
t012422	3	2	2
t012424	0	0	0
t012425	1	0	0
t012426	0	1	0
t012431	1	2	1
t012432	1	1	2
t012434	0	1	0
t012435	2	1	1
t012436	6	2	0
t012437	0	0	0
t012438	0	0	0
t012440	7	1	0
t012441	2	0	0
t012444	2	4	0
t012445	1	2	0
t012446	0	2	0
t012450	0	4	1
t012451	2	2	0
t012452	-2	0	1
t012454	5	0	0
t012456	3	5	1
t012457	4	5	1
t012460	0	1	1
t012468	1	3	0
t012469	0	1	0
t012471	6	1	1
t012474	1	2	2
t012476	1	0	2
t012477	1	1	0
t012478	5	1	3
t012479	1	0	0
t012480	1	1	1
t012481	4	0	2
t012483	2	2	0
t012486	2	1	3
t012488	6	0	2
t012490	3	2	5
t012493	3	2	0
t012494	2	5	0
t012495	5	2	0
t012497	5	1	0
t012501	0	0	0
t012502	3	1	0
t012508	2	2	1
t012509	1	0	0
t012510	1	2	0
t012513	-1	6	0
t012514	1	2	1
t012516	5	0	1
t012517	2	1	4
t012518	1	2	4
t012523	1	3	1
t012524	1	1	0
t012525	0	2	1
t012526	1	4	0
t012530	2	0	1
t012531	1	0	1
t012537	0	0	1
t012538	-1	1	0
t012540	1	2	0
t012541	2	2	1
t012542	2	2	1
t012544	0	1	3
t012546	4	1	0
t012548	2	1	3
t012549	0	2	0
t012551	3	7	1
t012554	4	2	3
t012555	2	0	2
t012557	0	0	4
t012558	0	0	1
t012560	1	4	0
t012561	1	3	0
t012563	2	3	2
t012564	1	1	4
t012565	3	2	1
t012568	3	2	0
t012570	1	3	0
t012572	0	1	0
t012575	0	2	1
t012576	0	2	0
t012577	0	2	1
t012579	1	1	1
t012580	0	2	1
t012582	0	1	2
t012583	0	2	1
t012584	0	2	1
t012585	2	0	0
t012589	1	1	1
t012591	2	0	2
t012595	0	3	2
t012596	0	2	4
t012600	0	1	1
t012601	1	5	1
t012603	2	3	1
t012605	1	-1	1
t012606	1	1	3
t012609	4	2	1
t012610	1	2	-1
t012611	1	1	1
t012612	2	1	1
t012613	3	1	4
t012615	4	1	1
t012616	2	2	3
t012617	4	2	1
t012620	0	2	1
t012622	0	1	0
t012625	0	2	2
t012626	1	5	0
t012627	3	1	0
t012630	0	3	1
t012634	0	-1	0
t012635	2	2	0
t012636	4	0	3
t012637	1	-1	6
t012643	1	1	0
t012647	0	0	0
t012648	2	4	1
t012649	2	2	1
t012650	3	1	1
t012653	1	0	1
t012654	0	2	0
t012656	2	2	-2
t012657	2	2	-2
t012658	2	2	-2
t012659	1	0	0
t012660	0	0	3
t012661	2	2	5
t012664	1	0	0
t012667	2	4	1
t012668	2	1	1
t012669	2	2	1
t012670	-1	2	2
t012671	0	3	0
t012672	0	2	0
t012673	0	3	0
t012677	1	0	1
t012679	-1	1	0
t012680	1	3	0
t012683	2	0	0
t012685	1	2	0
t012686	-1	0	1
t012688	1	1	0
t012689	5	1	0
t012690	2	0	0
t012691	2	0	0
t012692	2	0	0
t012696	1	2	1
t012697	0	1	3
t012700	1	1	0
t012704	1	3	-2
t012705	1	0	1
t012707	1	1	1
t012708	1	1	0
t012711	0	0	0
t012712	0	3	1
t012713	2	2	1
t012715	0	0	0
t012716	4	1	0
t012718	1	1	3
t012719	0	2	1
t012720	0	1	0
t012721	4	0	2
t012722	0	1	3
t012723	3	0	2
t012724	1	2	1
t012725	0	1	3
t012727	2	3	1
t012729	0	3	1
t012735	6	0	0
t012736	1	2	1
t012737	0	0	4
t012739	1	2	0
t012740	0	4	0
t012741	1	0	0
t012742	0	3	0
t012745	4	2	0
t012748	2	3	0
t012751	1	1	5
t012752	2	1	0
t012754	3	0	-2
t012755	1	0	1
t012756	1	-1	0
t012757	3	0	1
t012758	0	2	0
t012760	0	4	0
t012764	0	0	-1
t012765	0	0	7
t012766	0	2	2
t012768	1	0	2
t012769	1	3	2
t012771	1	3	-1
t012772	-1	3	3
t012773	2	0	0
t012774	3	0	4
t012776	2	2	1
t012777	2	1	3
t012778	0	0	0
t012781	3	2	3
t012783	1	3	0
t012784	1	1	0
t012788	2	2	0
t012790	2	3	0
t012791	2	1	0
t012792	2	3	0
t012793	0	4	0
t012797	0	2	2
t012798	1	1	0
t012799	1	1	0
t012801	0	2	2
t012802	3	2	0
t012803	0	1	0
t012804	0	0	1
t012805	1	2	1
t012806	2	1	1
t012808	1	1	-1
t012811	0	0	0
t012812	0	1	2
t012817	3	1	1
t012818	1	0	3
t012819	0	1	2
t012821	1	2	1
t012822	1	2	1
t012823	3	3	0
t012825	1	1	5
t012826	1	-1	4
t012827	2	2	3
t012828	2	0	3
t012829	2	0	0
t012830	2	0	0
t012832	3	0	0
t012834	0	5	7
t012836	1	1	2
t012837	0	0	0
t012845	0	2	0
t012847	2	0	3
t012851	0	1	0
t012852	1	1	1
t012853	1	1	1
t012854	2	2	0
t012855	1	1	0
t012856	0	2	1
t012857	1	2	0
t012858	1	0	-1
t012860	0	1	0
t012861	4	0	0
t012863	0	0	3
t012868	1	3	1
t012869	4	2	4
t012871	1	1	1
t012872	2	4	0
t012873	5	-1	0
t012875	0	3	2
t012877	5	1	0
t012879	2	0	0
t012881	2	0	0
t012882	2	0	0
t012883	0	4	1
t012884	2	0	2
t012886	0	0	1
t012887	2	1	0
t012888	2	1	0
t012890	2	1	0
t012891	1	0	0
t012895	2	0	0
t012896	1	2	3
t012898	2	2	0
t012902	0	4	1
t012903	4	0	0
t012904	3	2	0
t012905	1	3	0
t012906	1	1	0
t012908	1	0	0
t012909	-1	1	0
t012913	0	3	0
t012916	0	0	1
t012917	3	3	0
t012918	0	2	2
t012920	1	1	1
t012921	3	1	7
t012922	0	1	1
t012925	2	0	2
t012926	3	0	1
t012928	5	1	4
t012930	0	0	9
t012935	2	0	1
t012936	0	0	1
t012937	2	0	-1
t012939	3	0	1
t012940	1	2	0
t012947	-1	2	0
t012948	0	1	4
t012950	-1	0	3
t012951	5	2	2
t012952	0	0	0
t012953	1	1	0
t012954	2	1	2
t012955	3	2	3
t012956	0	0	4
t012961	1	1	0
t012963	1	2	1
t012966	1	1	1
t012967	2	1	-2
t012968	3	0	0
t012969	0	4	0
t012970	0	4	0
t012971	2	1	2
t012972	2	2	0
t012975	1	1	2
t012976	1	0	0
t012978	2	0	0
t012979	2	2	0
t012980	3	2	0
t012981	0	5	3
t012982	2	3	2
t012983	1	0	0
t012984	3	1	1
t012985	4	0	0
t012988	3	1	0
t012989	2	2	1
t012990	3	0	0
t012992	1	0	0
t012993	1	1	1
t012994	2	0	3
t012995	2	0	1
t012996	4	3	-4
t012997	5	0	1
t012998	3	0	0
t012999	1	3	0
t013000	1	0	0
t013001	4	3	-1
t013002	4	2	-1
t013003	1	0	0
t013004	1	4	0
t013005	0	0	1
t013006	0	5	0
t013009	0	2	1
t013010	2	3	0
t013015	2	0	1
t013016	0	2	0
t013017	2	1	3
t013018	2	0	3
t013019	0	0	0
t013020	1	0	6
t013021	2	2	0
t013024	1	3	0
t013025	0	0	0
t013026	1	0	1
t013027	2	4	0
t013028	0	2	1
t013029	0	1	1
t013030	0	2	-1
t013031	2	4	1
t013034	2	0	0
t013035	1	1	0
t013036	3	0	0
t013037	3	0	0
t013038	1	1	-1
t013039	0	1	0
t013044	2	3	-4
t013045	3	0	2
t013046	3	2	1
t013047	4	2	0
t013048	2	0	0
t013049	2	1	1
t013050	4	3	1
t013054	1	3	0
t013055	1	2	0
t013056	1	0	1
t013058	0	1	1
t013061	0	1	0
t013062	0	1	0
t013063	-1	3	0
t013064	0	4	1
t013066	0	2	2
t013070	1	0	0
t013071	0	1	0
t013072	1	0	1
t013073	-1	4	0
t013075	1	1	0
t013076	5	4	2
t013077	1	4	0
t013078	0	2	1
t013079	1	1	0
t013081	0	0	0
t013082	3	2	0
t013085	0	1	0
t013090	0	2	2
t013092	4	0	0
t013094	1	0	1
t013095	0	1	0
t013096	3	0	0
t013097	2	1	4
t013098	4	1	1
t013100	1	1	0
t013101	0	0	1
t013102	2	3	0
t013104	0	2	0
t013105	2	0	0
t013106	0	6	-1
t013107	-1	4	0
t013108	-1	2	1
t013109	1	2	0
t013110	1	3	0
t013111	3	1	3
t013112	3	1	6
t013113	1	1	0
t013114	0	3	0
t013115	0	1	0
t013116	1	1	1
t013117	0	0	0
t013119	3	4	0
t013120	1	0	-3
t013122	0	4	2
t013123	1	2	0
t013124	0	2	0
t013125	2	1	3
t013127	2	2	2
t013128	0	1	0
t013129	4	5	1
t013131	0	0	0
t013132	1	0	0
t013133	0	1	0
t013134	0	3	0
t013135	0	2	0
t013136	3	1	0
t013137	-1	2	1
t013138	0	0	0
t013139	1	1	0
t013140	1	2	0
t013141	3	1	2
t013142	0	1	1
t013143	2	3	1
t013144	1	3	2
t013145	2	1	-1
t013146	1	1	0
t013147	1	0	2
t013148	4	2	-1
t013149	5	3	0
t013150	1	2	0
t013151	0	2	-1
t013154	1	2	0
t013155	0	1	-1
t013156	2	4	-1
t013157	1	0	0
t013158	3	2	1
t013159	3	0	0
t013161	2	2	0
t013164	2	2	1
t013166	8	0	0
t013168	3	1	0
t013170	1	1	0
t013171	5	4	0
t013172	1	1	3
t013174	0	1	0
t013176	0	2	0
t013182	0	0	1
t013185	0	0	0
t013188	2	1	1
t013189	4	4	0
t013191	0	3	2
t013194	1	1	0
t013195	1	0	0
t013196	1	2	0
t013198	1	4	0
t013199	2	3	0
t013200	2	1	2
t013201	2	2	2
t013202	1	0	4
t013203	1	1	2
t013204	1	0	0
t013205	0	0	0
t013207	1	0	2
t013208	2	2	0
t013211	3	1	3
t013212	0	0	0
t013213	-1	2	0
t013215	2	2	3
t013218	0	0	0
t013219	2	2	-1
t013221	3	0	0
t013222	0	1	0
t013226	0	3	1
t013227	3	2	1
t013228	0	0	0
t013229	3	2	4
t013230	3	1	3
t013231	2	2	9
t013234	1	0	4
t013236	-1	1	1
t013237	-1	5	1
t013239	1	1	0
t013241	2	2	0
t013242	1	1	0
t013243	-2	2	4
t013244	1	1	1
t013245	0	1	1
t013246	1	0	2
t013247	5	0	1
t013248	4	2	1
t013252	0	1	2
t013253	2	0	0
t013254	5	0	2
t013255	4	1	0
t013257	0	1	1
t013258	0	1	0
t013261	0	2	1
t013264	-1	0	0
t013266	1	0	0
t013267	-1	2	0
t013268	0	2	0
t013269	0	1	1
t013270	0	1	1
t013271	0	1	1
t013274	2	1	0
t013277	1	3	1
t013279	1	2	0
t013282	2	1	3
t013283	-1	4	0
t013284	2	0	0
t013285	6	3	1
t013286	1	0	0
t013287	1	0	4
t013288	3	0	0
t013289	1	0	1
t013290	4	0	0
t013293	2	4	2
t013294	4	0	1
t013295	5	2	0
t013296	2	1	0
t013298	0	0	0
t013299	1	0	4
t013301	0	1	1
t013302	1	0	1
t013304	0	2	2
t013305	4	2	1
t013307	-1	1	0
t013308	1	1	0
t013309	2	4	-1
t013311	1	1	1
t013312	0	0	1
t013315	1	1	0
t013318	0	1	5
t013319	4	2	-2
t013320	1	0	0
t013323	-1	0	0
t013325	1	1	0
t013327	0	0	2
t013328	3	0	0
t013330	2	0	0
t013332	2	2	0
t013333	0	1	1
t013334	-1	0	1
t013335	1	2	1
t013336	0	2	2
t013338	1	1	3
t013339	3	0	7
t013340	2	4	3
t013341	1	1	0
t013342	0	0	1
t013343	2	2	1
t013344	0	0	0
t013345	0	0	0
t013346	1	2	1
t013347	0	0	0
t013348	0	0	0
t013349	0	0	0
t013350	0	1	0
t013351	0	0	2
t013352	1	1	0
t013353	0	0	1
t013354	-1	2	0
t013355	2	3	0
t013356	0	0	1
t013357	3	3	1
t013358	-1	3	0
t013359	3	3	1
t013360	2	3	1
t013362	1	2	0
t013363	0	0	0
t013364	0	1	3
t013365	1	1	0
t013366	2	0	0
t013368	1	1	3
t013369	4	1	1
t013372	0	4	4
t013376	0	0	0
t013377	1	1	0
t013378	0	1	-1
t013380	4	2	1
t013381	0	3	1
t013382	8	3	1
t013383	2	3	-1
t013385	1	0	0
t013388	-1	1	0
t013389	2	2	1
t013390	2	1	3
t013391	1	2	0
t013392	4	3	0
t013393	1	3	0
t013395	3	3	2
t013398	1	0	1
t013399	1	3	0
t013404	4	0	0
t013405	1	1	1
t013407	0	4	2
t013408	2	0	0
t013409	0	0	1
t013410	1	2	0
t013415	2	2	1
t013416	4	1	1
t013420	0	1	0
t013423	2	0	0
t013424	6	7	1
t013426	1	1	1
t013427	0	0	1
t013428	2	0	2
t013429	1	0	-1
t013431	3	0	0
t013433	1	2	0
t013434	-1	2	1
t013436	5	2	1
t013437	2	0	0
t013438	5	0	1
t013439	0	2	5
t013442	3	1	0
t013444	2	3	0
t013445	1	3	0
t013446	1	0	-1
t013447	4	0	0
t013448	1	3	1
t013449	0	0	4
t013454	2	2	1
t013456	0	1	0
t013459	0	0	1
t013460	2	1	1
t013461	1	0	6
t013462	0	2	4
t013463	2	1	1
t013464	1	1	1
t013465	1	1	1
t013466	1	3	2
t013468	2	1	0
t013469	2	2	0
t013471	2	0	0
t013472	0	0	0
t013473	0	0	1
t013477	1	1	1
t013478	3	2	1
t013479	2	4	2
t013480	3	2	2
t013482	1	0	0
t013483	1	1	0
t013486	1	2	-1
t013487	-1	3	1
t013488	1	2	0
t013489	1	0	2
t013490	2	2	1
t013492	0	2	1
t013493	2	2	0
t013494	-1	2	0
t013495	0	1	0
t013496	0	1	8
t013497	0	0	0
t013499	4	2	2
t013500	1	1	5
t013504	0	1	0
t013507	2	0	0
t013511	1	1	5
t013512	2	0	0
t013514	2	3	-1
t013515	0	3	1
t013516	2	2	1
t013517	3	2	0
t013518	2	2	2
t013519	1	1	1
t013520	0	1	1
t013521	3	0	2
t013524	0	1	3
t013526	3	-1	1
t013527	1	0	1
t013528	1	1	2
t013529	4	0	9
t013530	3	2	8
t013531	1	3	4
t013532	4	1	2
t013533	3	4	1
t013535	0	1	0
t013536	2	2	0
t013539	-1	1	1
t013540	1	0	1
t013542	0	1	0
t013545	1	2	2
t013546	4	1	0
t013547	0	1	0
t013550	1	3	0
t013551	1	0	0
t013552	2	1	2
t013553	1	1	0
t013554	1	1	2
t013555	2	0	1
t013560	1	1	1
t013561	0	0	0
t013563	1	0	0
t013564	2	0	0
t013566	2	0	0
t013572	2	2	2
t013573	3	0	4
t013574	3	2	1
t013575	3	2	1
t013578	1	0	0
t013580	0	1	0
t013581	1	2	0
t013582	7	2	4
t013583	1	0	2
t013584	-1	2	0
t013586	3	3	0
t013589	2	2	0
t013590	2	2	0
t013591	1	5	0
t013592	2	4	1
t013593	4	1	0
t013595	2	3	0
t013596	1	3	0
t013597	1	3	0
t013598	2	3	0
t013600	1	4	0
t013601	0	0	0
t013602	4	2	3
t013604	1	1	0
t013606	2	2	1
t013607	2	3	1
t013608	3	2	0
t013610	0	2	1
t013611	4	1	0
t013612	3	2	0
t013613	0	3	1
t013616	1	3	1
t013617	5	1	0
t013619	2	4	1
t013620	1	1	0
t013622	1	1	3
t013623	5	4	1
t013625	2	2	1
t013626	1	1	3
t013629	3	1	2
t013630	1	2	1
t013631	2	2	1
t013633	4	0	3
t013641	1	5	2
t013642	0	1	0
t013643	5	3	-1
t013645	1	0	0
t013646	2	0	1
t013647	2	1	0
t013653	1	0	1
t013654	1	2	0
t013658	3	1	-1
t013659	2	0	2
t013660	1	1	1
t013662	1	0	1
t013663	5	0	7
t013664	5	0	7
t013665	3	0	1
t013666	2	0	0
t013667	2	2	0
t013671	0	1	0
t013672	1	1	0
t013673	0	1	2
t013677	-1	3	0
t013679	4	2	3
t013682	2	1	1
t013683	1	0	1
t013684	0	3	0
t013685	2	2	0
t013686	0	0	0
t013687	1	1	1
t013688	3	1	0
t013690	3	2	0
t013691	2	2	0
t013692	0	1	0
t013694	1	3	0
t013695	-2	0	0
t013696	2	0	1
t013698	2	4	-1
t013699	3	3	-1
t013702	4	1	3
t013703	0	2	0
t013704	1	0	1
t013705	1	1	2
t013706	2	2	0
t013707	2	2	0
t013709	1	2	0
t013710	3	1	2
t013711	2	3	2
t013713	4	1	0
t013714	0	5	1
t013715	2	2	0
t013716	3	3	0
t013717	1	0	0
t013718	1	0	0
t013720	0	1	1
t013721	1	3	1
t013722	1	1	0
t013727	2	2	0
t013729	1	1	0
t013730	4	4	1
t013731	0	1	0
t013732	1	1	0
t013733	0	3	0
t013734	2	0	0
t013735	3	2	2
t013736	3	1	0
t013737	0	1	2
t013739	0	0	5
t013740	0	3	2
t013741	2	2	1
t013743	1	1	3
t013744	0	3	2
t013745	0	1	1
t013746	0	2	0
t013747	1	1	0
t013748	2	1	1
t013749	-1	0	2
t013751	0	1	2
t013753	5	0	3
t013754	4	1	0
t013755	2	5	1
t013757	1	0	1
t013758	0	0	0
t013759	2	1	5
t013760	0	0	0
t013761	0	1	3
t013762	0	1	1
t013763	1	1	3
t013764	1	1	3
t013765	1	0	1
t013766	1	0	2
t013768	1	0	0
t013769	2	0	0
t013770	1	0	2
t013771	3	3	3
t013772	1	0	0
t013773	0	1	2
t013774	2	0	1
t013775	-2	2	3
t013776	3	1	0
t013777	2	0	2
t013778	2	4	0
t013780	3	2	1
t013782	5	5	1
t013783	3	3	0
t013784	1	2	-1
t013785	3	3	1
t013786	4	3	1
t013787	2	9	0
t013788	1	1	1
t013790	3	3	1
t013791	2	3	1
t013793	5	1	4
t013794	1	0	0
t013796	1	1	0
t013797	1	1	0
t013799	1	3	3
t013800	5	1	1
t013801	4	0	1
t013802	0	0	0
t013803	1	0	1
t013804	3	4	0
t013806	1	1	1
t013807	0	6	0
t013808	0	3	0
t013809	0	1	2
t013810	0	0	0
t013811	3	0	0
t013812	1	0	1
t013813	1	1	1
t013814	-1	0	0
t013815	0	2	-1
t013816	2	2	1
t013817	1	0	0
t013818	0	0	1
t013819	1	0	0
t013820	2	1	1
t013821	0	4	0
t013822	1	1	2
t013824	1	1	5
t013825	1	2	1
t013826	0	1	1
t013828	0	1	4
t013829	4	-1	0
t013830	2	1	2
t013831	1	1	0
t013834	1	1	1
t013836	1	1	2
t013837	4	0	1
t013838	4	1	3
t013839	0	1	1
t013840	1	1	0
t013841	1	0	0
t013844	0	2	0
t013845	4	1	5
t013847	0	0	2
t013849	2	2	1
t013850	1	1	3
t013851	1	1	3
t013852	0	2	3
t013854	4	1	2
t013855	0	0	1
t013859	0	1	1
t013862	2	0	0
t013864	0	0	0
t013866	1	2	0
t013868	2	2	1
t013869	0	2	1
t013870	2	0	1
t013873	3	0	4
t013874	0	0	4
t013876	0	1	4
t013877	0	1	2
t013878	2	0	4
t013879	2	2	0
t013886	1	2	0
t013887	2	2	0
t013889	0	0	0
t013891	2	4	1
t013894	1	1	0
t013895	3	3	0
t013896	3	3	1
t013897	1	3	0
t013898	2	5	0
t013899	-1	0	1
t013900	3	1	3
t013901	1	2	3
t013902	2	0	0
t013903	1	0	1
t013905	3	0	0
t013908	3	0	0
t013909	2	3	3
t013910	1	0	0
t013911	2	1	0
t013913	1	2	0
t013914	0	3	3
t013916	2	2	0
t013918	2	2	1
t013919	0	0	0
t013921	1	1	0
t013922	6	3	2
t013927	1	0	1
t013928	2	0	1
t013929	3	0	1
t013930	2	0	1
t013931	0	2	1
t013932	2	3	-1
t013933	3	2	1
t013936	1	0	0
t013937	0	2	0
t013938	2	0	6
t013940	0	1	2
t013942	3	2	1
t013943	2	0	0
t013946	0	0	0
t013947	1	2	0
t013948	4	1	2
t013950	0	2	3
t013951	-1	1	3
t013956	1	0	0
t013963	0	3	0
t013964	1	1	0
t013966	2	0	0
t013967	2	0	3
t013968	4	1	0
t013969	1	1	2
t013971	4	0	0
t013972	2	2	5
t013973	4	5	1
t013974	2	1	1
t013980	0	0	0
t013986	0	4	0
t013997	2	2	1
t013999	1	0	1
t014000	1	0	0
t014001	1	1	0
t014002	0	3	0
t014003	1	3	-1
t014004	0	3	-1
t014007	2	2	0
t014008	3	2	1
t014009	4	0	-2
t014010	1	0	0
t014011	1	2	0
t014012	0	3	-1
t014014	1	0	0
t014015	0	2	1
t014016	2	3	-2
t014017	0	2	2
t014018	1	1	-1
t014020	0	0	4
t014024	2	0	2
t014026	2	2	4
t014027	0	0	0
t014028	1	2	0
t014029	1	3	0
t014030	0	2	7
t014032	1	2	0
t014034	4	1	0
t014035	3	3	0
t014037	1	1	1
t014038	1	5	3
t014039	1	1	0
t014042	6	1	0
t014043	0	0	0
t014044	1	2	0
t014045	2	1	0
t014048	3	3	0
t014049	2	2	-5
t014051	1	-1	1
t014052	1	1	1
t014053	0	1	1
t014054	2	2	1
t014056	1	-1	0
t014058	2	1	3
t014059	1	-1	0
t014060	0	2	0
t014061	1	0	0
t014062	2	1	4
t014063	0	0	2
t014065	1	1	1
t014066	2	3	1
t014067	4	2	4
t014068	3	0	2
t014069	3	1	1
t014070	3	0	2
t014072	2	0	2
t014073	3	2	6
t014074	3	1	6
t014075	2	1	4
t014076	1	4	2
t014079	2	1	1
t014080	2	0	-1
t014081	4	1	0
t014082	0	1	0
t014083	1	0	4
t014084	2	1	0
t014085	2	4	2
t014086	3	0	7
t014087	-2	1	2
t014088	4	0	0
t014089	5	0	0
t014091	0	1	1
t014093	1	1	3
t014095	3	2	0
t014096	0	2	0
t014097	2	1	0
t014098	1	0	0
t014101	0	1	-1
t014103	1	1	0
t014105	0	3	0
t014106	3	2	-3
t014107	2	0	-3
t014108	0	0	0
t014110	4	0	-3
t014111	1	1	0
t014112	3	3	0
t014114	1	0	0
t014115	2	2	0
t014116	1	1	0
t014117	1	1	1
t014118	6	1	-2
t014119	0	1	0
t014120	0	0	0
t014121	2	5	0
t014122	0	0	-1
t014123	1	1	0
t014126	2	0	8
t014128	0	0	0
t014129	0	1	-1
t014131	1	3	0
t014132	2	1	-1
t014134	2	2	0
t014135	1	0	0
t014136	0	0	-1
t014139	0	0	0
t014145	-1	1	-1
t014146	2	2	-1
t014147	1	1	0
t014148	1	0	3
t014149	2	2	1
t014150	0	0	0
t014151	4	2	-1
t014152	2	2	0
t014153	1	0	1
t014157	1	2	0
t014158	3	0	0
t014161	4	1	0
t014163	0	2	-1
t014165	2	1	1
t014166	2	2	0
t014167	1	0	1
t014169	1	1	0
t014170	3	1	0
t014171	4	1	0
t014174	0	0	1
t014175	0	0	1
t014176	4	0	0
t014180	1	1	0
t014181	1	0	2
t014182	1	0	0
t014183	0	0	4
t014185	1	0	0
t014188	2	1	1
t014190	1	1	2
t014192	1	0	0
t014197	1	2	0
t014198	1	3	0
t014199	3	3	0
t014202	1	4	0
t014204	5	1	0
t014207	2	3	0
t014209	1	0	0
t014210	2	0	1
t014216	0	1	0
t014217	1	0	0
t014218	-1	2	0
t014219	6	1	0
t014220	1	2	1
t014221	0	0	1
t014224	5	0	0
t014225	1	5	2
t014226	5	0	0
t014227	1	2	0
t014229	0	1	2
t014231	1	0	2
t014232	1	0	2
t014233	2	1	3
t014235	0	0	0
t014236	1	3	0
t014237	3	0	2
t014238	-2	3	1
t014240	2	3	2
t014241	0	2	2
t014242	4	2	0
t014247	3	1	0
t014248	-1	4	1
t014249	0	5	0
t014252	2	0	0
t014253	4	0	0
t014255	1	5	0
t014256	0	0	0
t014257	5	2	0
t014258	0	0	2
t014260	3	1	1
t014263	2	1	2
t014264	1	0	0
t014266	4	2	0
t014267	0	0	0
t014268	2	0	0
t014269	1	2	1
t014270	2	1	0
t014271	-1	0	2
t014273	2	0	0
t014274	2	3	1
t014275	1	2	0
t014276	0	0	0
t014278	3	1	0
t014279	3	1	0
t014280	4	1	1
t014282	0	2	0
t014283	2	4	8
t014285	4	1	1
t014287	0	4	0
t014288	1	1	-1
t014294	3	1	0
t014295	1	0	0
t014297	1	-1	0
t014298	2	1	1
t014301	2	0	-1
t014302	3	2	2
t014303	2	1	0
t014304	1	0	0
t014305	1	0	0
t014306	2	3	1
t014307	1	2	0
t014308	1	4	0
t014309	1	2	3
t014310	1	0	4
t014311	1	1	2
t014312	3	1	0
t014315	1	1	0
t014316	3	3	0
t014317	1	0	0
t014319	1	2	0
t014320	0	0	0
t014321	3	0	10
t014322	3	1	0
t014323	0	1	1
t014324	5	0	1
t014325	3	2	0
t014327	0	2	0
t014330	2	0	0
t014331	4	3	2
t014332	1	0	0
t014333	2	1	2
t014336	-1	3	7
t014337	1	2	1
t014338	2	0	1
t014340	2	1	1
t014342	0	0	2
t014343	2	3	0
t014345	1	5	0
t014346	0	2	0
t014347	1	1	1
t014348	0	2	0
t014352	0	2	0
t014354	1	0	-1
t014355	1	1	0
t014356	2	1	1
t014358	0	0	3
t014359	0	1	0
t014361	0	1	0
t014362	3	1	1
t014363	1	0	2
t014364	3	1	1
t014365	-1	0	4
t014366	1	1	1
t014367	5	1	0
t014370	1	2	0
t014371	3	1	1
t014374	1	4	0
t014375	0	1	0
t014379	1	1	0
t014382	1	0	3
t014384	0	3	0
t014385	1	0	1
t014388	2	2	10
t014389	1	2	4
t014390	1	0	1
t014392	2	0	0
t014393	0	2	3
t014394	1	1	1
t014395	1	0	0
t014398	1	2	0
t014401	3	0	0
t014402	2	0	1
t014403	0	0	1
t014406	7	2	1
t014407	-1	0	3
t014408	2	1	0
t014409	4	2	2
t014411	1	1	1
t014414	0	0	1
t014416	1	3	2
t014417	1	1	-1
t014421	0	4	1
t014422	2	0	0
t014423	1	1	1
t014424	1	1	1
t014425	1	0	3
t014426	0	2	0
t014428	3	0	0
t014432	1	0	0
t014433	1	0	1
t014435	2	0	0
t014437	1	4	0
t014438	1	0	0
t014439	0	2	1
t014440	2	5	2
t014441	2	0	3
t014442	0	0	3
t014444	2	0	0
t014447	2	1	0
t014448	1	0	0
t014452	3	0	0
t014454	4	-1	1
t014459	3	0	0
t014460	0	1	0
t014461	3	2	1
t014462	0	2	0
t014463	0	2	0
t014467	0	0	0
t014468	2	0	3
t014470	0	0	0
t014473	0	0	0
t014474	0	0	0
t014475	0	0	0
t014477	0	0	0
t014478	1	1	2
t014481	0	0	4
t014482	3	4	1
t014483	1	1	0
t014484	1	0	0
t014487	2	0	0
t014489	0	1	1
t014490	1	0	0
t014491	1	1	1
t014492	3	0	0
t014493	0	1	0
t014494	0	2	0
t014495	0	1	0
t014496	0	1	0
t014499	0	1	1
t014500	1	0	0
t014502	3	1	-1
t014504	2	0	-1
t014505	0	4	3
t014506	-1	1	3
t014507	1	0	0
t014508	1	0	1
t014509	1	0	0
t014510	0	1	0
t014511	1	1	0
t014512	0	0	0
t014513	0	1	1
t014514	3	0	0
t014515	3	1	4
t014517	0	1	0
t014518	1	0	0
t014520	0	0	0
t014523	1	4	1
t014525	4	1	0
t014528	0	3	1
t014529	2	0	0
t014531	0	0	2
t014532	1	1	0
t014534	1	1	2
t014535	5	1	0
t014540	2	1	0
t014542	2	3	0
t014543	2	0	-1
t014544	0	0	2
t014545	6	1	0
t014546	5	1	2
t014547	2	4	2
t014548	0	0	3
t014550	0	1	0
t014551	2	1	1
t014552	5	5	-1
t014553	2	2	3
t014554	2	1	0
t014555	0	0	1
t014556	5	0	2
t014558	3	3	0
t014560	2	1	0
t014561	4	0	-1
t014565	2	1	0
t014566	1	2	1
t014568	1	1	0
t014569	1	0	0
t014571	1	0	1
t014572	1	2	1
t014573	0	0	-1
t014574	1	0	0
t014575	2	0	1
t014577	3	1	1
t014579	5	1	1
t014580	3	1	3
t014581	2	3	5
t014582	2	2	2
t014583	0	2	1
t014586	0	1	0
t014587	3	0	0
t014588	0	1	0
t014589	2	2	0
t014591	0	1	1
t014592	2	0	1
t014593	2	3	0
t014594	3	2	0
t014595	0	0	0
t014596	6	0	0
t014597	4	1	1
t014598	0	0	1
t014599	3	0	3
t014600	3	2	1
t014601	0	2	0
t014604	2	3	0
t014605	-2	2	3
t014607	5	0	0
t014608	1	0	0
t014612	1	3	2
t014613	2	3	0
t014616	2	1	3
t014618	3	1	0
t014619	0	0	4
t014622	1	1	2
t014623	2	0	0
t014624	0	0	2
t014625	4	0	-1
t014626	4	0	0
t014630	1	1	-1
t014632	3	0	0
t014633	3	3	0
t014634	2	-1	1
t014636	5	0	-1
t014638	0	0	1
t014639	1	1	0
t014640	-1	1	3
t014642	0	1	1
t014643	2	4	2
t014644	1	1	4
t014645	3	3	0
t014648	2	1	0
t014649	3	4	4
t014651	0	1	2
t014652	2	2	0
t014654	4	2	0
t014655	3	2	1
t014656	0	2	1
t014657	1	2	1
t014658	0	4	1
t014660	0	2	0
t014661	2	0	0
t014663	1	0	0
t014664	1	1	0
t014665	1	2	0
t014666	4	4	0
t014667	2	3	3
t014668	0	4	3
t014669	1	0	4
t014671	-3	1	6
t014674	1	3	7
t014675	0	2	6
t014677	0	1	4
t014678	1	1	2
t014679	1	2	2
t014680	4	3	1
t014681	2	2	3
t014682	0	1	0
t014684	1	3	0
t014685	0	0	0
t014687	1	1	1
t014688	-1	1	1
t014689	0	0	0
t014691	1	0	0
t014693	2	2	4
t014694	4	4	3
t014695	0	1	0
t014696	1	1	1
t014698	0	1	1
t014699	0	0	0
t014700	1	2	0
t014702	0	0	3
t014703	2	1	1
t014704	0	2	0
t014705	1	-1	0
t014706	1	0	3
t014708	1	0	0
t014709	1	1	0
t014710	1	2	0
t014713	0	1	0
t014714	4	3	0
t014715	0	2	0
t014716	3	2	0
t014718	0	2	0
t014720	2	2	0
t014721	0	0	0
t014722	1	0	3
t014723	0	3	5
t014725	1	0	1
t014727	2	2	1
t014730	1	2	1
t014731	0	2	0
t014732	3	1	0
t014733	4	0	0
t014734	0	2	0
t014735	0	1	2
t014736	4	1	5
t014737	0	2	1
t014738	0	3	1
t014742	3	1	0
t014743	2	2	0
t014744	3	0	1
t014747	2	1	0
t014748	2	0	0
t014749	1	1	2
t014750	0	1	1
t014751	0	2	3
t014753	1	1	2
t014754	2	0	2
t014756	3	1	0
t014757	2	6	-1
t014759	-1	0	3
t014760	1	2	4
t014762	3	1	1
t014763	1	1	0
t014764	1	0	0
t014765	0	0	0
t014766	2	2	0
t014768	1	1	4
t014770	3	3	0
t014771	2	2	0
t014773	2	0	0
t014774	1	1	0
t014775	9	1	1
t014776	1	1	-1
t014777	1	2	2
t014778	2	0	2
t014779	3	1	0
t014780	2	0	3
t014782	3	0	1
t014783	1	1	2
t014784	2	1	6
t014786	4	0	0
t014789	1	0	4
t014790	1	0	2
t014793	2	1	5
t014795	0	2	0
t014796	0	2	0
t014797	7	1	-1
t014798	1	3	1
t014801	0	1	0
t014802	1	0	1
t014803	2	1	2
t014804	-1	-1	2
t014805	6	2	1
t014806	2	0	0
t014808	4	0	-1
t014809	2	3	0
t014817	0	1	2
t014818	5	1	1
t014819	1	3	1
t014822	0	4	0
t014823	1	0	-2
t014826	3	2	2
t014827	1	0	3
t014828	1	1	0
t014829	2	0	1
t014830	3	0	0
t014831	0	0	0
t014832	0	1	0
t014833	0	1	2
t014834	-1	2	2
t014835	0	0	1
t014836	1	2	3
t014837	3	0	0
t014838	1	1	3
t014839	2	3	5
t014840	1	1	1
t014842	1	1	3
t014844	1	2	1
t014846	1	1	0
t014847	1	3	4
t014848	0	2	2
t014849	1	0	0
t014850	0	1	1
t014851	5	1	1
t014852	1	2	1
t014853	1	1	1
t014856	1	0	1
t014858	0	0	0
t014860	0	0	2
t014861	0	0	1
t014863	1	0	0
t014864	1	0	3
t014865	5	2	0
t014866	2	0	1
t014867	1	2	0
t014869	3	0	3
t014870	-1	1	5
t014871	1	1	0
t014873	1	1	2
t014874	6	1	0
t014875	4	2	0
t014876	-1	1	1
t014877	0	0	0
t014878	2	1	0
t014880	2	0	0
t014883	5	1	0
t014884	8	0	0
t014885	1	1	1
t014886	7	0	1
t014887	1	1	0
t014888	5	0	1
t014889	4	0	1
t014890	4	0	0
t014891	3	1	0
t014893	5	1	0
t014894	3	2	1
t014896	7	0	1
t014897	1	1	1
t014898	4	0	0
t014899	4	1	0
t014900	0	2	2
t014901	2	2	3
t014902	4	2	0
t014903	3	2	-2
t014906	1	-1	1
t014907	3	3	0
t014908	1	1	1
t014910	-1	0	7
t014912	0	3	2
t014914	1	2	1
t014916	1	0	0
t014917	4	1	-1
t014919	3	1	0
t014920	0	2	0
t014922	0	0	0
t014924	1	0	0
t014925	2	1	0
t014926	0	1	1
t014928	2	1	0
t014930	1	0	0
t014932	0	1	0
t014933	6	0	0
t014935	3	1	1
t014936	1	1	0
t014937	1	1	7
t014939	2	1	0
t014940	0	4	0
t014941	0	0	1
t014942	1	0	0
t014943	0	1	2
t014945	1	4	0
t014946	2	-3	1
t014947	5	0	0
t014948	1	3	0
t014951	0	1	0
t014954	1	1	2
t014956	2	2	1
t014957	2	4	0
t014959	4	0	-1
t014961	0	3	2
t014965	1	0	0
t014966	2	2	0
t014967	2	1	0
t014968	1	1	0
t014969	2	0	0
t014970	1	0	0
t014971	3	0	2
t014972	-1	0	1
t014973	0	0	1
t014974	0	4	0
t014975	-1	1	1
t014976	0	1	0
t014977	2	3	0
t014979	2	3	1
t014981	0	2	0
t014984	1	1	2
t014986	0	1	0
t014988	2	0	2
t014991	1	2	2
t014992	1	3	3
t014993	2	1	4
t014995	1	0	1
t014996	0	2	3
t014997	4	0	1
t014999	2	2	6
t015001	1	0	-2
t015002	3	1	1
t015003	0	1	0
t015004	1	0	-2
t015005	3	1	1
t015006	4	1	1
t015007	0	-1	0
t015008	1	1	1
t015010	2	4	0
t015011	7	1	0
t015012	2	1	-1
t015014	4	3	0
t015016	1	0	0
t015017	2	0	1
t015018	2	0	0
t015020	2	1	2
t015021	2	0	-1
t015022	2	1	3
t015023	4	0	2
t015025	1	5	0
t015026	1	2	0
t015029	2	1	0
t015030	5	1	0
t015031	3	0	1
t015032	0	3	-2
t015034	0	1	-1
t015035	0	1	-1
t015036	1	0	0
t015038	1	1	0
t015039	1	2	1
t015041	1	3	1
t015042	1	5	0
t015045	4	1	0
t015047	1	0	1
t015050	0	4	0
t015051	2	1	0
t015053	2	0	1
t015054	1	1	1
t015055	3	1	3
t015058	1	0	0
t015059	2	2	0
t015062	1	0	-1
t015063	4	0	0
t015064	0	0	0
t015065	2	1	0
t015066	0	0	-1
t015067	4	2	0
t015068	0	2	0
t015069	1	0	0
t015072	2	1	1
t015074	1	2	0
t015076	1	1	1
t015078	3	0	0
t015079	4	0	1
t015080	2	0	1
t015081	0	2	0
t015083	3	0	0
t015085	3	1	0
t015086	1	1	1
t015088	1	3	0
t015091	1	2	0
t015092	3	1	0
t015093	3	1	0
t015094	0	0	0
t015096	8	0	0
t015097	1	0	0
t015098	-1	1	1
t015099	-1	1	0
t015100	0	0	0
t015101	0	1	0
t015102	2	1	0
t015103	1	0	0
t015104	1	1	1
t015105	0	0	1
t015107	2	0	0
t015110	0	1	0
t015111	0	0	1
t015112	2	1	0
t015113	3	0	2
t015114	2	1	1
t015115	1	2	0
t015116	1	1	1
t015118	1	1	0
t015119	3	0	-1
t015121	0	0	0
t015122	2	0	1
t015125	2	1	0
t015126	4	2	0
t015128	6	1	0
t015129	1	1	0
t015130	0	2	-2
t015131	1	2	-2
t015132	1	2	1
t015133	4	1	-3
t015136	3	0	0
t015137	5	3	0
t015138	3	1	0
t015139	1	1	0
t015140	0	3	0
t015141	-1	3	4
t015142	2	2	1
t015143	1	0	0
t015144	0	2	0
t015145	3	2	-1
t015147	0	0	0
t015148	4	1	2
t015149	3	3	0
t015150	3	4	0
t015152	2	0	0
t015153	3	0	0
t015154	1	2	-1
t015155	1	5	0
t015156	-1	4	4
t015157	2	1	0
t015162	1	2	0
t015163	1	0	0
t015164	1	1	0
t015165	0	5	0
t015166	4	0	0
t015167	0	2	0
t015168	0	2	0
t015169	3	1	0
t015174	6	1	0
t015176	0	0	0
t015178	3	2	0
t015179	1	0	0
t015181	2	2	1
t015182	1	0	0
t015183	0	4	1
t015184	0	1	0
t015185	1	1	0
t015187	0	1	2
t015189	2	3	0
t015191	2	-1	2
t015193	3	1	0
t015194	2	0	3
t015196	0	0	0
t015197	0	0	0
t015199	2	0	0
t015200	0	3	5
t015201	1	0	1
t015204	3	1	0
t015206	2	3	2
t015207	0	0	0
t015210	1	0	0
t015211	2	3	0
t015214	0	-1	0
t015215	0	4	-1
t015216	2	3	1
t015217	2	3	1
t015218	0	0	1
t015219	1	0	0
t015221	4	0	0
t015222	3	0	0
t015223	2	0	0
t015229	0	1	2
t015230	0	1	1
t015231	4	0	1
t015232	3	1	0
t015235	4	0	-2
t015236	1	0	1
t015237	2	0	0
t015238	0	0	1
t015239	2	1	1
t015240	2	3	0
t015241	2	1	0
t015242	6	0	0
t015243	2	0	0
t015244	1	1	0
t015245	0	2	0
t015246	0	0	2
t015247	2	1	0
t015248	1	0	0
t015250	1	0	0
t015251	3	2	0
t015253	6	0	0
t015254	2	1	0
t015255	1	1	1
t015256	2	3	1
t015257	4	-1	2
t015258	1	0	0
t015259	7	0	0
t015260	4	1	-1
t015261	0	1	-1
t015263	0	0	0
t015266	1	1	0
t015267	2	2	1
t015270	1	0	0
t015271	0	0	0
t015272	2	2	0
t015273	-1	0	1
t015274	0	1	0
t015275	2	1	0
t015276	0	0	0
t015277	2	2	1
t015278	0	6	1
t015279	4	0	1
t015281	4	0	3
t015282	6	0	0
t015283	4	2	1
t015284	1	0	4
t015285	8	1	0
t015286	0	2	1
t015290	2	-1	2
t015291	3	0	0
t015292	4	0	0
t015293	1	0	0
t015295	6	0	0
t015299	1	0	0
t015301	3	1	1
t015302	8	0	1
t015304	0	1	2
t015305	6	0	0
t015306	6	-4	2
t015307	1	0	0
t015308	0	1	1
t015310	0	1	-1
t015311	1	1	3
t015312	0	0	1
t015313	4	0	0
t015314	7	0	0
t015315	1	2	1
t015316	0	1	0
t015317	2	1	1
t015318	0	2	1
t015319	2	0	0
t015321	3	1	0
t015322	1	1	0
t015323	0	1	3
t015324	2	2	2
t015325	1	2	0
t015326	7	0	1
t015327	4	1	1
t015328	2	3	0
t015329	3	0	-2
t015330	1	1	0
t015331	6	-1	0
t015336	7	3	1
t015339	1	-1	1
t015340	0	1	0
t015343	5	1	0
t015344	0	1	0
t015346	6	1	-3
t015347	3	-2	-1
t015348	5	0	1
t015349	3	1	0
t015350	0	1	1
t015351	3	1	0
t015352	5	-1	-5
t015353	1	1	1
t015354	7	0	1
t015355	1	0	0
t015356	0	1	0
t015357	2	3	0
t015359	0	2	1
t015360	0	0	1
t015361	0	2	0
t015362	1	1	0
t015363	0	0	1
t015364	-1	4	0
t015365	-1	4	0
t015367	0	1	1
t015369	1	3	3
t015370	2	0	0
t015371	2	0	0
t015372	0	1	0
t015375	0	0	0
t015377	1	2	0
t015378	2	2	0
t015379	5	3	0
t015380	-1	1	0
t015381	2	1	1
t015382	4	0	1
t015383	4	2	-2
t015384	4	0	0
t015386	1	3	0
t015387	2	-2	0
t015388	1	2	1
t015389	0	1	1
t015390	4	2	2
t015391	4	3	2
t015393	4	0	0
t015394	4	-2	1
t015395	8	-1	1
t015396	1	1	-2
t015398	1	0	0
t015400	4	2	-1
t015401	0	1	0
t015404	0	7	0
t015405	3	0	0
t015406	2	1	0
t015407	5	0	-2
t015408	1	1	1
t015409	4	0	0
t015410	6	0	-1
t015411	3	1	1
t015412	10	1	0
t015413	1	3	1
t015414	1	2	0
t015415	-1	1	2
t015416	5	-1	0
t015417	4	2	0
t015418	1	0	0
t015419	3	0	0
t015420	1	2	0
t015422	4	2	0
t015423	5	1	0
t015425	1	1	0
t015426	1	1	1
t015427	4	3	-1
t015431	0	0	0
t015432	3	2	0
t015434	3	4	1
t015435	0	2	0
t015436	0	0	0
t015437	6	0	-3
t015438	0	4	2
t015439	5	0	0
t015440	3	0	1
t015441	4	1	0
t015442	0	4	0
t015443	7	2	1
t015444	2	1	0
t015446	0	1	0
t015451	0	1	1
t015452	1	0	0
t015453	4	0	-4
t015454	2	0	-2
t015458	0	1	0
t015459	0	0	-1
t015460	1	0	0
t015461	6	0	0
t015462	1	1	-1
t015463	1	1	1
t015464	1	0	1
t015465	1	1	1
t015467	5	1	0
t015469	0	0	-1
t015471	0	1	0
t015472	-1	4	0
t015475	6	0	2
t015478	0	0	0
t015479	2	0	-1
t015480	0	0	0
t015483	3	0	1
t015485	2	0	1
t015487	3	3	1
t015488	1	4	1
t015489	0	2	2
t015491	2	1	0
t015493	0	1	1
t015494	2	0	0
t015495	2	0	0
t015498	0	0	0
t015499	1	0	0
t015501	5	1	1
t015502	1	1	0
t015504	1	3	1
t015505	0	0	0
t015506	3	1	1
t015507	4	1	-2
t015509	0	0	1
t015511	5	2	0
t015514	3	1	1
t015515	1	1	0
t015517	5	0	0
t015518	3	1	1
t015519	2	0	2
t015520	0	1	1
t015522	0	1	0
t015523	1	1	0
t015524	0	0	0
t015525	1	3	0
t015526	4	0	1
t015527	1	0	1
t015528	3	0	0
t015529	0	5	3
t015530	1	1	0
t015531	6	0	0
t015532	2	1	0
t015533	1	0	0
t015534	2	1	-3
t015536	1	1	0
t015537	4	1	0
t015538	1	1	2
t015539	0	0	0
t015540	1	-1	2
t015541	2	1	0
t015543	2	0	0
t015545	1	0	1
t015546	3	2	-2
t015548	1	0	0
t015550	3	1	-3
t015551	2	1	-1
t015553	2	1	1
t015555	2	0	1
t015556	1	0	0
t015557	4	1	0
t015558	3	1	0
t015560	2	0	0
t015561	0	1	0
t015563	6	0	0
t015564	4	0	0
t015565	3	0	1
t015567	1	2	1
t015568	2	0	1
t015569	3	0	0
t015571	3	3	2
t015572	1	0	0
t015574	3	1	-1
t015575	-1	1	0
t015576	7	0	-2
t015578	2	1	0
t015579	1	1	2
t015580	0	2	1
t015586	8	0	0
t015590	1	2	0
t015591	1	2	0
t015592	2	1	1
t015594	0	0	1
t015595	1	3	1
t015597	0	0	1
t015598	3	-2	-3
t015599	6	0	0
t015600	3	-1	0
t015601	2	2	1
t015602	2	0	1
t015603	5	1	0
t015604	1	1	-2
t015605	3	0	0
t015608	3	2	-2
t015610	2	0	1
t015611	8	0	1
t015612	3	-1	3
t015614	2	2	4
t015615	2	3	2
t015618	0	0	1
t015620	1	0	0
t015621	1	1	-2
t015626	0	0	0
t015627	1	1	4
t015628	4	3	1
t015630	2	1	0
t015631	0	2	0
t015632	4	1	-3
t015633	2	0	-2
t015637	0	1	0
t015638	2	0	0
t015639	1	2	0
t015640	4	0	0
t015645	1	1	1
t015646	4	1	0
t015647	4	2	1
t015650	2	1	0
t015651	1	1	0
t015652	0	1	0
t015653	7	0	0
t015655	3	0	0
t015656	2	0	1
t015657	2	2	0
t015658	3	0	0
t015660	0	1	0
t015661	0	1	0
t015663	2	1	2
t015664	1	1	0
t015667	2	1	2
t015668	5	0	-2
t015670	-1	1	0
t015671	4	0	2
t015672	2	1	0
t015674	5	0	0
t015676	3	0	2
t015685	0	2	-1
t015686	2	0	-2
t015687	0	0	0
t015688	3	1	-2
t015692	0	0	0
t015694	0	2	-1
t015698	1	3	0
t015700	0	1	0
t015701	0	0	0
t015702	2	0	1
t015703	3	-1	0
t015705	1	1	1
t015708	1	0	0
t015710	0	0	0
t015711	0	0	1
t015712	-1	0	3
t015713	3	1	2
t015715	2	0	0
t015717	1	1	0
t015718	1	1	1
t015719	1	2	0
t015720	2	1	0
t015721	3	0	0
t015722	2	-1	6
t015723	1	0	0
t015725	6	1	0
t015726	2	1	0
t015727	1	2	0
t015728	1	2	0
t015729	1	1	0
t015730	0	1	0
t015734	3	2	1
t015735	0	0	0
t015737	0	0	1
t015738	4	2	1
t015739	2	3	2
t015744	0	0	-1
t015747	8	0	0
t015748	1	3	0
t015749	2	1	1
t015750	1	1	0
t015751	9	0	-1
t015752	2	1	-1
t015756	10	0	0
t015759	1	3	0
t015760	2	0	1
t015761	2	2	0
t015762	2	1	-2
t015765	0	0	0
t015767	1	1	0
t015768	9	1	1
t015770	0	2	0
t015772	1	1	1
t015774	1	0	0
t015778	-1	1	1
t015780	0	0	1
t015781	0	1	0
t015782	2	1	0
t015783	3	2	0
t015784	3	4	1
t015785	-1	0	0
t015786	0	3	0
t015787	3	5	0
t015789	0	0	0
t015795	6	0	0
t015796	11	-3	0
t015797	5	0	0
t015799	6	1	-1
t015801	8	0	1
t015802	-1	0	0
t015809	1	6	0
t015810	-1	1	5
t015813	12	-3	0
t015814	4	3	-1
t015815	5	3	-1
t015816	9	-3	0
t015818	7	1	1
t015821	1	1	0
t015822	0	3	0
t015823	0	2	1
t015825	1	1	0
t015827	0	0	-1
t015828	2	0	0
t015830	0	3	0
t015831	8	0	0
t015832	5	0	0
t015833	4	0	-1
t015834	2	3	0
t015836	4	1	1
t015837	3	0	0
t015838	0	2	0
t015839	3	1	1
t015840	0	1	0
t015841	0	0	0
t015842	1	1	0
t015843	-1	0	0
t015846	0	2	1
t015847	1	1	1
t015848	3	1	2
t015850	1	1	-1
t015851	5	0	0
t015853	1	0	1
t015858	1	0	0
t015859	7	1	-1
t015860	3	1	0
t015862	8	0	0
t015865	3	0	0
t015866	4	0	0
t015868	4	2	0
t015869	1	3	0
t015871	1	0	-1
t015873	1	2	1
t015875	9	0	-1
t015877	1	0	-1
t015878	2	0	0
t015879	1	2	2
t015880	5	2	0
t015882	2	1	-2
t015883	-1	2	1
t015885	9	0	1
t015888	1	2	0
t015889	2	1	0
t015890	3	1	1
t015892	1	2	-1
t015894	2	4	-1
t015895	2	0	0
t015896	7	2	0
t015899	0	1	1
t015900	1	1	1
t015901	1	-1	5
t015904	10	0	1
t015905	1	-1	5
t015906	0	3	0
t015908	0	1	0
t015909	0	1	1
t015910	1	2	0
t015912	1	4	1
t015913	1	1	0
t015914	1	2	0
t015915	6	2	0
t015916	3	1	2
t015917	7	0	0
t015918	6	1	2
t015919	3	0	0
t015922	1	1	0
t015923	-1	1	0
t015924	-1	0	0
t015926	0	0	0
t015930	2	0	-1
t015931	1	0	0
t015932	1	5	1
t015938	1	1	1
t015941	3	0	1
t015942	4	-1	2
t015943	-1	4	0
t015944	2	1	0
t015946	0	0	0
t015948	2	1	0
t015950	0	1	0
t015951	2	1	1
t015954	6	0	3
t015955	10	1	1
t015960	10	1	1
t015963	7	0	1
t015966	2	1	0
t015967	11	0	0
t015968	6	0	2
t015970	-1	3	2
t015972	3	-1	0
t015973	10	0	2
t015976	1	3	0
t015980	5	0	1
t015981	7	0	0
t015983	3	1	0
t015985	1	5	0
t015986	1	0	0
t015988	0	0	1
t015989	10	0	2
t015996	-1	3	1
t016000	2	1	2
t016001	4	0	0
t016002	2	2	0
t016003	9	0	0
t016007	0	0	0
t016009	1	1	1
t016010	3	0	0
t016011	0	1	1
t016012	-1	1	0
t016014	8	0	1
t016017	1	0	0
t016018	1	0	0
t016022	6	-2	1
t016025	2	3	0
t016027	2	0	0
t016031	4	0	0
t016032	3	0	0
t016033	4	0	-1
t016035	2	0	0
t016036	3	0	1
t016038	0	0	0
t016039	3	2	1
t016040	0	1	0
t016041	0	1	0
t016043	3	1	0
t016045	3	3	0
t016047	1	2	1
t016050	1	1	0
t016054	4	2	0
t016055	11	0	1
t016056	9	-1	1
t016058	6	0	0
t016061	0	0	0
t016062	1	1	1
t016063	2	2	1
t016065	4	3	1
t016066	7	2	-1
t016070	0	1	1
t016072	5	2	-1
t016074	5	1	0
t016077	6	0	0
t016078	-1	0	0
t016079	0	0	0
t016081	1	0	0
t016082	5	0	0
t016083	0	0	1
t016084	12	0	1
t016085	6	1	1
t016086	0	1	0
t016088	2	1	1
t016089	0	-1	0
t016090	0	2	1
t016091	2	1	0
t016093	-1	0	1
t016094	0	2	0
t016096	1	1	0
t016098	2	0	0
t016101	2	1	1
t016102	6	1	0
t016103	1	4	0
t016104	12	1	1
t016106	5	2	1
t016107	2	3	6
t016109	7	1	3
t016110	3	2	4
t016115	1	2	1
t016118	6	1	0
t016119	7	-1	0
t016122	1	-3	2
t016123	0	1	0
t016125	6	0	1
t016130	4	0	-1
t016131	0	0	3
t016132	1	3	1
t016135	6	-2	0
t016136	0	1	2
t016137	2	0	0
t016138	5	2	-1
t016139	0	5	0
t016142	0	5	0
t016144	9	0	1
t016145	2	1	2
t016148	2	0	0
t016149	1	4	0
t016150	5	1	1
t016151	3	1	0
t016152	2	2	0
t016153	2	1	1
t016154	2	3	1
t016155	3	0	0
t016156	3	4	1
t016157	5	0	0
t016158	5	1	1
t016159	4	0	0
t016160	1	1	0
t016161	1	2	2
t016162	7	0	0
t016163	1	1	1
t016164	4	0	0
t016165	1	1	0
t016168	3	0	1
t016169	3	2	1
t016171	11	-1	0
t016175	7	1	0
t016179	1	0	0
t016182	1	0	1
t016183	5	0	0
t016185	6	-1	1
t016186	9	2	0
t016189	0	0	0
t016190	10	-3	0
t016191	9	-1	2
t016193	2	0	0
t016195	0	0	0
t016196	12	-4	1
t016197	1	2	0
t016198	1	1	0
t016199	1	3	0
t016201	2	3	0
t016202	2	0	1
t016203	0	1	0
t016204	9	-1	0
t016207	2	0	0
t016208	4	1	0
t016211	8	0	1
t016212	2	1	1
t016214	3	0	0
t016219	6	-1	1
t016220	1	1	1
t016222	1	0	1
t016223	3	1	1
t016224	0	2	0
t016226	1	0	0
t016227	1	0	0
t016228	-2	1	0
t016230	11	0	1
t016231	6	0	1
t016233	2	0	0
t016234	2	0	0
t016235	2	3	-1
t016236	2	0	-3
t016237	-1	2	2
t016238	5	3	1
t016239	6	0	0
t016240	6	0	1
t016241	0	2	0
t016243	2	5	1
t016247	10	0	0
t016250	3	2	0
t016251	4	1	-2
t016252	0	-3	0
t016253	0	-4	0
t016254	0	-4	0
t016255	1	-3	0
t016256	1	-4	0
t016257	10	0	1
t016258	1	3	2
t016261	5	0	0
t016262	4	0	0
t016263	1	0	1
t016266	1	4	0
t016270	1	0	0
t016271	1	2	1
t016276	1	0	0
t016278	1	0	0
t016282	2	0	2
t016283	0	3	0
t016284	0	0	0
t016285	-1	2	0
t016286	4	0	0
t016288	6	1	0
t016289	2	0	0
t016292	4	0	0
t016293	1	1	0
t016294	-1	1	1
t016295	0	1	0
t016296	0	0	1
t016300	0	0	1
t016301	1	0	1
t016303	1	1	0
t016305	1	1	0
t016306	0	0	1
t016309	5	1	0
t016310	0	1	1
t016312	1	1	0
t016313	2	2	0
t016315	1	3	0
t016317	1	3	1
t016318	1	2	3
t016319	0	3	0
t016320	1	0	1
t016328	3	5	-4
t016329	-1	4	0
t016330	-1	4	0
t016331	-1	4	0
t016332	3	4	-3
t016333	0	4	0
t016334	-3	0	4
t016335	-3	0	4
t016336	-3	0	4
t016337	-3	0	4
t016339	-1	4	0
t016340	4	2	3
t016341	1	1	1
t016342	2	2	1
t016343	-1	0	1
t016344	0	0	1
t016345	1	1	1
t016346	6	1	0
t016348	2	2	0
t016349	0	2	0
t016353	0	1	3
t016354	1	1	4
t016355	3	5	-4
t016357	2	1	0
t016358	2	2	1
t016359	6	0	-1
t016360	3	5	-4
t016362	1	1	1
t016363	3	5	-4
t016364	1	0	0
t016366	0	0	1
t016367	4	2	0
t016368	1	1	4
t016370	3	7	-4
t016371	7	0	1
t016372	7	-1	2
t016373	6	-1	1
t016374	1	2	0
t016375	2	2	2
t016376	1	3	0
t016377	0	1	0
t016379	1	0	2
t016380	1	0	1
t016382	1	0	0
t016384	1	4	0
t016385	5	2	1
t016386	3	0	0
t016387	4	1	0
t016389	0	0	0
t016390	3	0	0
t016392	5	2	1
t016393	0	0	1
t016395	2	1	0
t016396	2	2	0
t016398	12	-3	0
t016400	1	3	0
t016401	2	1	0
t016402	1	3	0
t016403	0	1	0
t016404	-2	1	0
t016405	2	2	2
t016408	-2	1	0
t016409	1	4	0
t016412	-1	3	0
t016413	-1	1	0
t016415	6	0	1
t016416	3	1	1
t016417	-1	3	0
t016419	-2	1	0
t016420	3	-1	0
t016422	2	1	0
t016426	2	7	0
t016427	1	4	0
t016428	2	4	0
t016430	4	0	0
t016431	0	2	0
t016432	3	0	1
t016433	0	0	0
t016434	5	0	0
t016437	0	0	1
t016438	1	2	2
t016440	1	0	0
t016441	-1	0	1
t016442	0	0	0
t016444	0	0	0
t016445	4	0	0
t016446	3	1	0
t016450	1	2	0
t016452	1	0	0
t016453	4	0	0
t016456	0	2	1
t016457	2	-1	1
t016458	1	0	-1
t016459	1	0	0
t016460	0	1	0
t016463	3	0	0
t016464	1	1	0
t016465	3	2	0
t016467	2	0	0
t016470	3	7	-4
t016472	3	7	-4
t016473	3	7	-4
t016474	1	0	0
t016475	1	2	0
t016477	1	4	0
t016478	1	0	0
t016479	0	2	0
t016480	3	7	-4
t016481	3	1	0
t016482	3	7	-4
t016483	3	7	-4
t016484	1	1	0
t016485	3	0	0
t016490	3	7	-4
t016491	3	7	-4
t016492	3	7	-4
t016493	3	7	-4
t016495	2	1	0
t016498	2	-1	1
t016501	11	-1	0
t016504	1	2	0
t016507	0	0	1
t016511	4	-3	2
t016513	5	2	0
t016516	0	2	0
t016519	2	0	0
t016520	-1	0	0
t016522	3	-1	-1
t016523	2	2	0
t016524	3	0	0
t016525	2	0	0
t016526	6	-1	0
t016527	5	0	1
t016528	7	1	-1
t016530	0	1	0
t016533	4	0	0
t016534	5	-2	0
t016535	3	0	1
t016537	2	0	-1
t016538	3	0	1
t016539	4	1	-1
t016540	0	0	0
t016541	1	0	1
t016542	3	-1	0
t016543	2	2	1
t016545	3	7	-4
t016547	4	1	-1
t016549	1	1	0
t016550	0	0	0
t016552	3	1	0
t016553	5	1	0
t016554	4	2	0
t016555	3	7	-4
t016556	3	7	-4
t016558	-2	1	1
t016559	3	7	-4
t016562	2	0	2
t016563	1	1	-1
t016564	4	1	1
t016565	3	7	-4
t016566	3	0	0
t016569	1	2	2
t016571	3	7	-4
t016572	3	1	1
t016573	3	1	1
t016574	2	3	-1
t016575	1	2	1
t016576	1	1	0
t016577	2	1	-2
t016578	2	1	1
t016579	3	2	2
t016580	4	1	0
t016581	1	2	0
t016582	4	2	1
t016584	10	-1	1
t016585	6	0	0
t016586	3	4	1
t016588	3	7	-4
t016590	6	0	0
t016591	5	0	0
t016592	9	-1	0
t016593	1	0	1
t016594	9	0	1
t016597	4	1	1
t016598	6	0	0
t016599	4	-1	0
t016600	5	-8	1
t016601	5	-4	1
t016602	3	-3	0
t016603	6	-3	0
t016604	4	-3	1
t016605	6	2	1
t016606	7	-1	0
t016607	3	0	2
t016609	7	-1	4
t016615	1	0	0
t016617	3	7	-4
t016622	3	7	-4
t016623	1	4	0
t016624	3	0	0
t016625	6	0	0
t016626	6	-3	0
t016628	6	0	-1
t016629	2	7	0
t016630	7	0	1
t016631	5	0	1
t016633	4	5	1
t016634	3	1	1
t016637	2	0	0
t016638	3	0	0
t016639	3	0	1
t016640	-1	2	1
t016641	3	1	1
t016645	0	0	0
t016647	2	2	0
t016648	1	2	0
t016650	4	0	0
t016651	7	-2	1
t016652	4	1	0
t016653	0	3	0
t016654	10	-2	0
t016656	3	1	0
t016657	1	0	0
t016658	5	-2	2
t016659	6	0	1
t016660	6	-3	1
t016662	1	1	0
t016664	2	1	1
t016666	3	0	2
t016667	4	0	-2
t016669	5	-2	1
t016671	6	0	0
t016672	1	1	0
t016673	4	-2	2
t016674	3	-3	1
t016675	4	0	1
t016677	4	0	1
t016678	4	0	1
t016680	4	0	1
t016681	6	-1	1
t016683	0	0	-1
t016684	2	1	0
t016685	2	3	1
t016686	5	1	1
t016687	2	1	0
t016688	-1	1	0
t016689	2	2	1
t016690	1	2	-1
t016691	0	0	2
t016692	1	0	-1
t016693	4	-3	2
t016694	3	2	0
t016695	3	1	0
t016696	3	-4	1
t016698	7	3	0
t016699	4	0	0
t016700	4	2	0
t016701	2	1	1
t016702	8	1	-1
t016705	0	1	0
t016706	11	0	1
t016707	3	1	0
t016708	2	1	0
t016710	4	2	1
t016711	2	2	0
t016712	2	0	1
t016713	7	1	3
t016714	3	0	0
t016715	4	0	2
t016716	0	2	0
t016717	1	1	0
t016719	0	0	0
t016720	6	3	1
t016721	1	-1	0
t016722	0	1	2
t016723	6	1	2
t016725	1	3	0
t016726	5	1	0
t016727	7	0	1
t016728	2	0	3
t016729	2	1	1
t016730	1	2	1
t016731	11	1	2
t016732	10	1	2
t016733	2	2	0
t016734	0	0	0
t016735	0	3	0
t016736	3	0	0
t016737	0	1	1
t016738	2	0	2
t016739	1	0	0
t016740	2	4	0
t016741	4	1	2
t016742	3	4	0
t016743	1	0	0
t016744	0	0	0
t016746	1	2	0
t016747	0	2	0
t016748	3	0	0
t016749	6	0	0
t016750	0	2	0
t016751	4	1	0
t016752	5	0	0
t016753	4	1	0
t016754	5	1	0
t016755	1	4	0
t016756	2	3	0
t016758	6	1	1
t016759	0	1	1
t016760	0	1	0
t016761	0	1	0
t016763	0	0	1
t016764	1	2	0
t016765	0	0	4
t016766	0	1	0
t016767	3	3	-1
t016768	0	1	2
t016769	6	0	1
t016770	1	1	0
t016771	12	1	2
t016773	0	1	0
t016774	4	-1	1
t016775	3	3	0
t016777	6	1	0
t016780	1	0	2
t016781	8	1	1
t016782	1	1	1
t016783	1	2	0
t016784	1	4	1
t016785	4	0	1
t016786	3	3	0
t016787	3	4	0
t016790	4	1	2
t016791	4	1	0
t016794	3	0	0
t016795	1	2	0
t016798	3	7	-3
t016799	4	2	1
t016800	3	7	-3
t016805	3	7	-3
t016806	3	7	-3
t016807	0	1	0
t016808	1	1	0
t016809	3	1	1
t016810	0	0	0
t016811	7	1	0
t016812	4	0	0
t016813	2	3	0
t016814	2	3	0
t016816	1	0	0
t016817	5	0	0
t016818	1	3	1
t016819	0	3	1
t016820	0	3	1
t016821	1	2	1
t016822	1	0	1
t016829	1	1	1
t016830	-1	2	-1
t016831	3	7	-3
t016832	2	2	3
t016836	2	1	0
t016837	3	7	-3
t016839	1	3	1
t016840	7	1	0
t016841	2	2	1
